﻿{  "items":[
    { 
       "id":"bab1682536172420", 
       "title":"Neuheiten", 
       "description":"Entdecken Sie die neuesten Funktionen und Updates.", 
       "icon":"new_releases", 
       "url":"Vantage/de/bab1682536172420.md"
       }
    , 
    { 
       "id":"tta1687442978234", 
       "title":"Erste Schritte", 
       "description":"Führen Sie zunächst diese Aufgaben aus.", 
       "icon":"person", 
       "url":"Vantage/de/tta1687442978234.md"
       }
    , 
    { 
       "id":"apw1640280478763", 
       "title":"Organisation", 
       "description":"Verwalten Sie Ihre VantageCloud Lake-Organisation.", 
       "url":"Vantage/de/apw1640280478763.md", 
       "children":[
          { 
             "id":"hrv1640281410572", 
             "title":"Organisationsadministratoren verwalten", 
             "description":"Überlegungen zur Verwaltung von Organisationsadministratoren", 
             "url":"Vantage/de/hrv1640281410572.md"
             }
          , 
          { 
             "id":"mxq1680183881642", 
             "title":"SSO einrichten", 
             "description":"Identitätsanbieter und Bereiche konfigurieren", 
             "url":"Vantage/de/mxq1680183881642.md", 
             "children":[
                { 
                   "id":"whf1680184025148", 
                   "title":"Identitätsanbieter hinzufügen", 
                   "url":"Vantage/de/whf1680184025148.md", 
                   "children":[
                      { 
                         "id":"lfb1680194800865", 
                         "title":"OpenID Connect", 
                         "url":"Vantage/de/lfb1680194800865.md"
                         }
                      , 
                      { 
                         "id":"dhs1680194823192", 
                         "title":"SAML 2.0", 
                         "url":"Vantage/de/dhs1680194823192.md"
                         }

                      ]

                   }
                , 
                { 
                   "id":"ruf1680184116601", 
                   "title":"Bereiche erstellen", 
                   "url":"Vantage/de/ruf1680184116601.md"
                   }
                , 
                { 
                   "id":"jbj1680184191443", 
                   "title":"Bereiche mit Umgebungen verknüpfen", 
                   "url":"Vantage/de/jbj1680184191443.md"
                   }
                , 
                { 
                   "id":"qma1680184498880", 
                   "title":"FAQ zu SSO", 
                   "url":"Vantage/de/qma1680184498880.md"
                   }

                ]

             }
          , 
          { 
             "id":"mwx1694115292045", 
             "title":"Verwalten von Zugriffstoken", 
             "description":"Anzeigen aktueller Zugriffstoken in Ihrer Organisation", 
             "url":"Vantage/de/mwx1694115292045.md"
             }

          ]

       }
    , 
    { 
       "id":"sbt1640280496980", 
       "title":"Umgebungen", 
       "description":"Laden Sie Daten, führen Sie Abfragen aus und vieles mehr.", 
       "url":"Vantage/de/sbt1640280496980.md", 
       "children":[
          { 
             "id":"qiv1640281527006", 
             "title":"Eine Umgebung erstellen", 
             "description":"Erstellen Sie eine Umgebung für Ihre Organisation.", 
             "url":"Vantage/de/qiv1640281527006.md"
             }
          , 
          { 
             "id":"laq1640280582810", 
             "title":"Konfigurieren von Umgebungseinstellungen", 
             "description":"Wie Benutzer eine Verbindung zur Umgebung herstellen", 
             "url":"Vantage/de/laq1640280582810.md", 
             "children":[
                { 
                   "id":"hyl1696627580794", 
                   "title":"Erstellen eines privaten Endpunkts im Azure-Portal", 
                   "description":"Abschließen der Konfiguration für privaten Link", 
                   "url":"Vantage/de/hyl1696627580794.md"
                   }

                ]

             }
          , 
          { 
             "id":"nmr1658424425362", 
             "title":"Computing-Ressourcen", 
             "description":"Verwalten von Computing-Ressourcen", 
             "url":"Vantage/de/nmr1658424425362.md", 
             "children":[
                { 
                   "id":"isb1696461636881", 
                   "title":"Primärer Cluster", 
                   "description":"Informationen zum primären Cluster", 
                   "url":"Vantage/de/isb1696461636881.md"
                   }
                , 
                { 
                   "id":"mqu1640280532737", 
                   "title":"Computing-Gruppen", 
                   "description":"Zuweisen von Computing-Ressourcen", 
                   "url":"Vantage/de/mqu1640280532737.md", 
                   "children":[
                      { 
                         "id":"xrr1658772541186", 
                         "title":"Computing-Gruppe erstellen", 
                         "url":"Vantage/de/xrr1658772541186.md"
                         }
                      , 
                      { 
                         "id":"dvl1640281718303", 
                         "title":"Computing-Gruppe verwalten", 
                         "description":"Erstellen oder bearbeiten Sie ein Computing-Profil.", 
                         "url":"Vantage/de/dvl1640281718303.md"
                         }
                      , 
                      { 
                         "id":"wdz1640281743091", 
                         "title":"Zugriff auf Computing-Gruppe", 
                         "url":"Vantage/de/wdz1640281743091.md"
                         }
                      , 
                      { 
                         "id":"zai1697030381122", 
                         "title":"Fakten über Computing-Gruppe", 
                         "url":"Vantage/de/zai1697030381122.md"
                         }

                      ]

                   }
                , 
                { 
                   "id":"aow1703107228725", 
                   "title":"Verbrauchsschätzung", 
                   "description":"Schätzen des Verbrauchs für primäre und Computing-Cluster", 
                   "url":"Vantage/de/aow1703107228725.md"
                   }

                ]

             }
          , 
          { 
             "id":"fcv1681758902467", 
             "title":"Zugriffsverwaltung", 
             "description":"Verwalten des Zugriffs auf eine Umgebung", 
             "url":"Vantage/de/fcv1681758902467.md", 
             "children":[
                { 
                   "id":"asz1695761738873", 
                   "title":"Gewähren von Single-Sign-On-Zugriff für Benutzer", 
                   "description":"Verbinden der Umgebung mit einem Bereich", 
                   "url":"Vantage/de/asz1695761738873.md"
                   }
                , 
                { 
                   "id":"wxe1659392685092", 
                   "title":"Datenbankbenutzer verwalten", 
                   "description":"Überlegungen zur Verwaltung von Benutzern einer Umgebung", 
                   "url":"Vantage/de/wxe1659392685092.md"
                   }

                ]

             }
          , 
          { 
             "id":"jwm1694121113608", 
             "title":"Laden von Daten", 
             "description":"Laden von oder Zugreifen auf Daten", 
             "url":"Vantage/de/jwm1694121113608.md", 
             "children":[
                { 
                   "id":"auw1640280669500", 
                   "title":"Abläufe", 
                   "description":"Daten aus Objektspeicher laden", 
                   "url":"Vantage/de/auw1640280669500.md", 
                   "children":[
                      { 
                         "id":"wsa1640282405363", 
                         "title":"Wer macht was", 
                         "url":"Vantage/de/wsa1640282405363.md"
                         }
                      , 
                      { 
                         "id":"luq1640282345986", 
                         "title":"Ablauf erstellen", 
                         "url":"Vantage/de/luq1640282345986.md", 
                         "children":[
                            { 
                               "id":"ury1691596218182", 
                               "title":"Überlegungen zur Ladeoption", 
                               "description":"Optionen zur Ablaufdurchführung", 
                               "url":"Vantage/de/ury1691596218182.md"
                               }
                            , 
                            { 
                               "id":"vwc1691596425578", 
                               "title":"Quell- und Zielautorisierung", 
                               "description":"Einrichten der Autorisierung für Abläufe", 
                               "url":"Vantage/de/vwc1691596425578.md"
                               }
                            , 
                            { 
                               "id":"npn1691594431074", 
                               "title":"Quellen und Ziele", 
                               "description":"Erstellen von Tabellen mit Ablaufquellen und -zielen", 
                               "url":"Vantage/de/npn1691594431074.md"
                               }
                            , 
                            { 
                               "id":"wer1691592221683", 
                               "title":"Zugriff auf Amazon S3-Buckets bereitstellen", 
                               "url":"Vantage/de/wer1691592221683.md"
                               }

                            ]

                         }
                      , 
                      { 
                         "id":"fqx1691599182279", 
                         "title":"Ablauf ausführen, anhalten oder zurücksetzen", 
                         "url":"Vantage/de/fqx1691599182279.md"
                         }
                      , 
                      { 
                         "id":"dod1691610081069", 
                         "title":"Ablauf aktualisieren", 
                         "url":"Vantage/de/dod1691610081069.md"
                         }
                      , 
                      { 
                         "id":"dxg1691603081375", 
                         "title":"FAQ zu Abläufen", 
                         "url":"Vantage/de/dxg1691603081375.md"
                         }

                      ]

                   }
                , 
                { 
                   "id":"vyx1659391025497", 
                   "title":"QueryGrid", 
                   "description":"Daten zwischen einer oder mehreren Datenquellen übertragen", 
                   "url":"Vantage/de/vyx1659391025497.md", 
                   "children":[
                      { 
                         "id":"cdg1689098187313", 
                         "title":"Konnektivität und Komponenten", 
                         "description":"QueryGrid-Verbindungen und Verbindungsoptionen", 
                         "url":"Vantage/de/cdg1689098187313.md"
                         }
                      , 
                      { 
                         "id":"wrw1640282047881", 
                         "title":"Bereitstellung", 
                         "description":"Vorbereiten von QueryGrid zum Hinzufügen einer Datenquelle", 
                         "url":"Vantage/de/wrw1640282047881.md", 
                         "children":[
                            { 
                               "id":"znp1640282079399", 
                               "title":"Datenquelle verbinden", 
                               "description":"Hinzufügen einer Datenquelle zu QueryGrid", 
                               "url":"Vantage/de/znp1640282079399.md", 
                               "children":[
                                  { 
                                     "id":"bbw1687364943833", 
                                     "title":"Autorisierung einrichten", 
                                     "url":"Vantage/de/bbw1687364943833.md"
                                     }
                                  , 
                                  { 
                                     "id":"yml1671157089031", 
                                     "title":"Schnittstellenendpunkt anfordern", 
                                     "description":"Erstellen einer PrivateLink-Anforderung für einen privaten Link für QueryGrid", 
                                     "url":"Vantage/de/yml1671157089031.md"
                                     }
                                  , 
                                  { 
                                     "id":"esw1713987246219", 
                                     "title":"JWT-SSO konfigurieren", 
                                     "description":"Eigenschaften der JWT-SSO-Verbindung", 
                                     "url":"Vantage/de/esw1713987246219.md"
                                     }

                                  ]

                               }
                            , 
                            { 
                               "id":"wgr1674777759031", 
                               "title":"Upgrade einer Nicht-Lake QueryGrid Manager-Instanz ausführen", 
                               "description":"Herstellen der Kompatibilität einer Nicht-Lake QueryGrid Manager-Instanz mit Lake", 
                               "url":"Vantage/de/wgr1674777759031.md"
                               }

                            ]

                         }
                      , 
                      { 
                         "id":"lzm1640282103875", 
                         "title":"Verwaltung", 
                         "url":"Vantage/de/lzm1640282103875.md", 
                         "children":[
                            { 
                               "id":"goh1640282193934", 
                               "title":"Fabric-Übersicht", 
                               "url":"Vantage/de/goh1640282193934.md"
                               }
                            , 
                            { 
                               "id":"vhb1640282164870", 
                               "title":"Datenquellen", 
                               "description":"Verwalten von mit QueryGrid verbundenen Datenquellen", 
                               "url":"Vantage/de/vhb1640282164870.md", 
                               "children":[
                                  { 
                                     "id":"yfd1674158023864", 
                                     "title":"Datenquelle bearbeiten", 
                                     "description":"Bearbeiten von verbundenen Datenquellen oder Zuweisen als Proxy", 
                                     "url":"Vantage/de/yfd1674158023864.md"
                                     }
                                  , 
                                  { 
                                     "id":"zof1674159380680", 
                                     "title":"Verbindungen", 
                                     "url":"Vantage/de/zof1674159380680.md"
                                     }
                                  , 
                                  { 
                                     "id":"kzu1674159463068", 
                                     "title":"Links", 
                                     "url":"Vantage/de/kzu1674159463068.md"
                                     }
                                  , 
                                  { 
                                     "id":"pvy1674785931688", 
                                     "title":"Bridges", 
                                     "url":"Vantage/de/pvy1674785931688.md"
                                     }

                                  ]

                               }
                            , 
                            { 
                               "id":"zxp1640282246701", 
                               "title":"Komponenteneinstellungen", 
                               "url":"Vantage/de/zxp1640282246701.md", 
                               "children":[
                                  { 
                                     "id":"wne1674087932617", 
                                     "title":"Bridges", 
                                     "url":"Vantage/de/wne1674087932617.md"
                                     }
                                  , 
                                  { 
                                     "id":"iwx1674087965329", 
                                     "title":"Netzwerke", 
                                     "url":"Vantage/de/iwx1674087965329.md"
                                     }
                                  , 
                                  { 
                                     "id":"zap1674087994421", 
                                     "title":"Kommunikationsrichtlinien", 
                                     "url":"Vantage/de/zap1674087994421.md"
                                     }
                                  , 
                                  { 
                                     "id":"hmn1674088306575", 
                                     "title":"Benutzer- und Rollenzuordnungen", 
                                     "url":"Vantage/de/hmn1674088306575.md"
                                     }
                                  , 
                                  { 
                                     "id":"eyz1674088497701", 
                                     "title":"PrivateLink", 
                                     "url":"Vantage/de/eyz1674088497701.md"
                                     }
                                  , 
                                  { 
                                     "id":"hfi1674786742869", 
                                     "title":"JDBC-Treiber", 
                                     "url":"Vantage/de/hfi1674786742869.md"
                                     }

                                  ]

                               }
                            , 
                            { 
                               "id":"ama1689287374954", 
                               "title":"Probleme", 
                               "description":"Überlegungen zur Überprüfung von QueryGrid-Problemen", 
                               "url":"Vantage/de/ama1689287374954.md"
                               }
                            , 
                            { 
                               "id":"oiw1640282294248", 
                               "title":"Vorgänge", 
                               "url":"Vantage/de/oiw1640282294248.md"
                               }

                            ]

                         }

                      ]

                   }

                ]

             }
          , 
          { 
             "id":"jrq1640280690304", 
             "title":"Datensicherung", 
             "description":"Schützen von Daten mit Sicherungs- und Wiederherstellungsoptionen", 
             "url":"Vantage/de/jrq1640280690304.md", 
             "children":[
                { 
                   "id":"qmb1659046927155", 
                   "title":"Sicherungsplan erstellen", 
                   "description":"Erstellen oder Ändern eines Sicherungsplans", 
                   "url":"Vantage/de/qmb1659046927155.md"
                   }
                , 
                { 
                   "id":"tyu1695326821997", 
                   "title":"Manuelles Starten eines Sicherungsauftrags", 
                   "description":"Starten eines Sicherungsauftrags unabhängig von geplanten Aufträgen", 
                   "url":"Vantage/de/tyu1695326821997.md"
                   }
                , 
                { 
                   "id":"fwh1695165071175", 
                   "title":"Schützen eines Wiederherstellungspunkts", 
                   "description":"Schützen eines gespeicherten Sicherungsauftrags", 
                   "url":"Vantage/de/fwh1695165071175.md"
                   }
                , 
                { 
                   "id":"kqr1640280954140", 
                   "title":"Daten wiederherstellen", 
                   "description":"Wiederherstellen von Daten aus einem Wiederherstellungspunkt", 
                   "url":"Vantage/de/kqr1640280954140.md"
                   }
                , 
                { 
                   "id":"sus1659047241965", 
                   "title":"Anzeigen der Historie des Sicherungsplans", 
                   "description":"Anzeigen vergangener und aktueller Sicherungs- und Wiederherstellungsaufträge", 
                   "url":"Vantage/de/sus1659047241965.md"
                   }
                , 
                { 
                   "id":"iom1694462056775", 
                   "title":"Häufig gestellte Fragen zur Datensicherung", 
                   "description":"Antworten auf häufig gestellte Fragen", 
                   "url":"Vantage/de/iom1694462056775.md"
                   }

                ]

             }
          , 
          { 
             "id":"edx1695158840322", 
             "title":"Editor", 
             "description":"Schreiben (oder Erstellen) und Ausführen von SQL-Abfragen", 
             "url":"Vantage/de/edx1695158840322.md"
             }

          ]

       }
    , 
    { 
       "id":"vmt1693932844043", 
       "title":"Computing-Ressourcen", 
       "description":"Verstehen Sie die Computing-Ressourcentypen.", 
       "url":"Vantage/de/vmt1693932844043.md"
       }
    , 
    { 
       "id":"onj1682104977691", 
       "title":"Verbrauch", 
       "description":"Zeigen Sie verbrauchte Computing- und Speicherressourcen an.", 
       "url":"Vantage/de/onj1682104977691.md", 
       "children":[
          { 
             "id":"tdv1682522711429", 
             "title":"Verbrauch von Computing-Ressourcen", 
             "description":"Überwachen des Verbrauchs von Computing-Ressourcen", 
             "url":"Vantage/de/tdv1682522711429.md", 
             "children":[
                { 
                   "id":"qly1682524108665", 
                   "title":"Wie Computing-Ressourcen verbraucht werden", 
                   "url":"Vantage/de/qly1682524108665.md"
                   }
                , 
                { 
                   "id":"qze1682528646873", 
                   "title":"Computing-Ressourcen überprüfen", 
                   "url":"Vantage/de/qze1682528646873.md"
                   }
                , 
                { 
                   "id":"qty1682530889318", 
                   "title":"Computing-Ressourcen verwalten", 
                   "description":"Geben Sie den Verbrauch des primären Clusters und der Computing-Gruppe ein.", 
                   "url":"Vantage/de/qty1682530889318.md"
                   }
                , 
                { 
                   "id":"nzf1682539696119", 
                   "title":"FAQ zum Verbrauch von Computing-Ressourcen", 
                   "url":"Vantage/de/nzf1682539696119.md"
                   }

                ]

             }
          , 
          { 
             "id":"nsc1682522782958", 
             "title":"Verbrauch von Speicherressourcen", 
             "description":"Überwachen des Verbrauchs von Speicherressourcen", 
             "url":"Vantage/de/nsc1682522782958.md", 
             "children":[
                { 
                   "id":"pdf1682543766178", 
                   "title":"Wie Speicherressourcen verbraucht werden", 
                   "description":"Zugriff auf Block- und Objektspeicher.", 
                   "url":"Vantage/de/pdf1682543766178.md"
                   }
                , 
                { 
                   "id":"vky1682545736669", 
                   "title":"Verbrauch von Speicherressourcen überprüfen", 
                   "url":"Vantage/de/vky1682545736669.md"
                   }
                , 
                { 
                   "id":"aku1682545782916", 
                   "title":"FAQ zum Verbrauch von Speicherressourcen", 
                   "url":"Vantage/de/aku1682545782916.md"
                   }

                ]

             }
          , 
          { 
             "id":"jzv1705537218861", 
             "title":"Verbrauchswarnungen festlegen", 
             "description":"Schwellenwert für den Erhalt von E-Mail-Benachrichtigungen festlegen", 
             "url":"Vantage/de/jzv1705537218861.md"
             }

          ]

       }
    , 
    { 
       "id":"vsb1703029847518", 
       "title":"Kostenrechner", 
       "description":"Zeigen Sie den geschätzten Gesamtverbrauch der Organisation an.", 
       "url":"Vantage/de/vsb1703029847518.md"
       }
    , 
    { 
       "id":"jlf1663616946889", 
       "title":"Datenfreigabe", 
       "description":"Geben Sie Tabellen und Ansichten für andere Benutzer frei.", 
       "url":"Vantage/de/jlf1663616946889.md", 
       "children":[
          { 
             "id":"hdx1681040827922", 
             "title":"Benutzer der Datenfreigabe verwalten", 
             "description":"Benutzerrollen und Berechtigungen", 
             "url":"Vantage/de/hdx1681040827922.md"
             }
          , 
          { 
             "id":"vlk1663617148666", 
             "title":"Datenfreigabe erstellen", 
             "description":"Freigeben von Datasets für Abonnenten", 
             "url":"Vantage/de/vlk1663617148666.md"
             }
          , 
          { 
             "id":"gds1686247574408", 
             "title":"Mit Datasets arbeiten", 
             "description":"Aufgaben als Freigabeanbieter oder Abonnent", 
             "url":"Vantage/de/gds1686247574408.md", 
             "children":[
                { 
                   "id":"rfg1681040443995", 
                   "title":"Datasets verwalten", 
                   "description":"Datasets Berechtigungen zuweisen", 
                   "url":"Vantage/de/rfg1681040443995.md"
                   }
                , 
                { 
                   "id":"hfx1686247226223", 
                   "title":"Datasets anzeigen und verwenden", 
                   "description":"Inhaberrollen für Datasets", 
                   "url":"Vantage/de/hfx1686247226223.md"
                   }

                ]

             }
          , 
          { 
             "id":"vph1681040670091", 
             "title":"Abonnenten verwalten", 
             "description":"Benutzer oder Rolle als Abonnent hinzufügen", 
             "url":"Vantage/de/vph1681040670091.md"
             }
          , 
          { 
             "id":"vuh1681040768372", 
             "title":"Freigabe löschen", 
             "description":"Was passiert, wenn Sie eine Freigabe löschen", 
             "url":"Vantage/de/vuh1681040768372.md"
             }
          , 
          { 
             "id":"laf1686249149487", 
             "title":"FAQ zur Datenfreigabe", 
             "description":"Finden Sie Antworten auf häufig gestellte Fragen", 
             "url":"Vantage/de/laf1686249149487.md"
             }

          ]

       }
    , 
    { 
       "id":"lxi1695933833104", 
       "title":"Laden von Daten", 
       "description":"Laden oder greifen Sie auf Daten zu.", 
       "url":"Vantage/de/lxi1695933833104.md"
       }
    , 
    { 
       "id":"xbg1640280430669", 
       "title":"Editor", 
       "description":"Schreiben (oder erstellen) und führen Sie SQL-Abfragen aus.", 
       "url":"Vantage/de/xbg1640280430669.md", 
       "children":[
          { 
             "id":"mor1695159014369", 
             "title":"Laden von Daten", 
             "description":"Laden von oder Zugreifen auf Daten", 
             "url":"Vantage/de/mor1695159014369.md"
             }
          , 
          { 
             "id":"juo1640281123239", 
             "title":"Durchsuchen von Datenbankobjekten", 
             "description":"Verbinden mit und Durchsuchen einer Umgebung", 
             "url":"Vantage/de/juo1640281123239.md"
             }
          , 
          { 
             "id":"dgd1640281158386", 
             "title":"Daten abfragen", 
             "description":"Ausführen von Abfragen im Editor", 
             "url":"Vantage/de/dgd1640281158386.md", 
             "children":[
                { 
                   "id":"qow1711727575738", 
                   "title":"Berichte erstellen", 
                   "description":"Berichte zu Abfrageergebnissen erstellen", 
                   "url":"Vantage/de/qow1711727575738.md"
                   }
                , 
                { 
                   "id":"vkk1692059193535", 
                   "title":"Erstellen einer Abfrage", 
                   "description":"Erstellen einer Abfrage mit generiertem SQL", 
                   "url":"Vantage/de/vkk1692059193535.md"
                   }
                , 
                { 
                   "id":"iql1691540875799", 
                   "title":"Datenbankinterne Analysefunktionen kennenlernen", 
                   "description":"Suchen von Funktionen und Erstellen von Abfragen", 
                   "url":"Vantage/de/iql1691540875799.md", 
                   "children":[
                      { 
                         "id":"ujf1695157605241", 
                         "title":"nPath-Visualisierung", 
                         "url":"Vantage/de/ujf1695157605241.md"
                         }

                      ]

                   }

                ]

             }
          , 
          { 
             "id":"xxs1694723933787", 
             "title":"SQL- und Datenbankreferenz", 
             "description":"SQL-Befehle, Funktionen und Datenbankfunktionen", 
             "url":"Vantage/de/xxs1694723933787.md"
             }
          , 
          { 
             "id":"bkm1640280721917", 
             "title":"Anwendungsfälle", 
             "description":"Anwendungsfälle zum Kennenlernen von VantageCloud Lake-Funktionen ausführen", 
             "icon":"book", 
             "url":"Vantage/de/bkm1640280721917.md", 
             "childrenUrl":"VantageCloudLakeUseCases/use-cases-en.json"
             }

          ]

       }
    , 
    { 
       "id":"ajr1640280560519", 
       "title":"Abfragen", 
       "description":"Zeigen Sie Abfragen an und optimieren Sie sie.", 
       "url":"Vantage/de/ajr1640280560519.md", 
       "children":[
          { 
             "id":"poc1712163264099", 
             "title":"Abfragen überwachen", 
             "description":"Entdecken Sie, wie Sie Lake-Abfragen überwachen.", 
             "url":"Vantage/de/poc1712163264099.md"
             }
          , 
          { 
             "id":"zvd1688067459510", 
             "title":"Abfragedetails", 
             "description":"Verstehen Sie die für jede Abfrage angezeigten Informationen.", 
             "url":"Vantage/de/zvd1688067459510.md"
             }

          ]

       }
    , 
    { 
       "id":"bgr1694118840100", 
       "title":"Datenkopie", 
       "description":"Stellen Sie Datenkopieraufträge bereit, konfigurieren und führen Sie sie aus.", 
       "url":"Vantage/de/bgr1694118840100.md", 
       "children":[
          { 
             "id":"bcw1700511770060", 
             "title":"Datenkopie einrichten", 
             "description":"Umgebung, Copy Manager und Agent hinzufügen", 
             "url":"Vantage/de/bcw1700511770060.md"
             }
          , 
          { 
             "id":"zuh1706652286181", 
             "title":"Datenkopie verwalten", 
             "description":"Copy Manager oder Copy Agent bearbeiten", 
             "url":"Vantage/de/zuh1706652286181.md", 
             "children":[
                { 
                   "id":"jbt1706483040706", 
                   "title":"Copy Manager verwalten", 
                   "description":"Aktionen zur Verwaltung des Copy Managers", 
                   "url":"Vantage/de/jbt1706483040706.md"
                   }
                , 
                { 
                   "id":"ani1706483842546", 
                   "title":"Copy Agent verwalten", 
                   "description":"Aktionen zur Verwaltung des Copy Agents", 
                   "url":"Vantage/de/ani1706483842546.md"
                   }

                ]

             }
          , 
          { 
             "id":"otq1703818370684", 
             "title":"Datenkopie verwenden", 
             "description":"Kopierplan erstellen und verwalten", 
             "url":"Vantage/de/otq1703818370684.md", 
             "children":[
                { 
                   "id":"pwa1703818612067", 
                   "title":"Kopierplan erstellen", 
                   "description":"Plannamen, -einstellungen und -objekte für die Auswahl", 
                   "url":"Vantage/de/pwa1703818612067.md"
                   }
                , 
                { 
                   "id":"wtv1703818703501", 
                   "title":"Kopierplan verwalten", 
                   "description":"Kopierplan ausführen, anhalten und bearbeiten", 
                   "url":"Vantage/de/wtv1703818703501.md"
                   }

                ]

             }
          , 
          { 
             "id":"rhq1703818406583", 
             "title":"Datenkopie-FAQ", 
             "description":"Was Sie sich möglicherweise fragen...", 
             "url":"Vantage/de/rhq1703818406583.md"
             }

          ]

       }
    , 
    { 
       "id":"qpv1707514841101", 
       "title":"Benutzerdefinierte Funktionen", 
       "description":"Verbinden Sie sich mit einer Drittanbieteranwendung aus Sicherheitsgründen.", 
       "url":"Vantage/de/qpv1707514841101.md", 
       "children":[
          { 
             "id":"aql1707516911931", 
             "title":"Integrität", 
             "description":"Aktivieren von Protegrity auf VantageCloud Lake", 
             "url":"Vantage/de/aql1707516911931.md"
             }
          , 
          { 
             "id":"ose1712360610524", 
             "title":"SAS", 
             "description":"SAS auf VantageCloud Lake aktivieren", 
             "url":"Vantage/de/ose1712360610524.md"
             }

          ]

       }
    , 
    { 
       "id":"klo1694115175906", 
       "title":"Kontoeinstellungen", 
       "description":"Passen Sie Kontoeinstellungen, wie zum Beispiel die Darstellung, an.", 
       "url":"Vantage/de/klo1694115175906.md", 
       "children":[
          { 
             "id":"ohx1694115234984", 
             "title":"Allgemeine Einstellungen", 
             "url":"Vantage/de/ohx1694115234984.md"
             }
          , 
          { 
             "id":"syi1695940519543", 
             "title":"Verwalten von Zugriffstoken", 
             "description":"Erstellen und Konfigurieren persönlicher Zugriffstoken (PATs)", 
             "url":"Vantage/de/syi1695940519543.md"
             }

          ]

       }
    , 
    { 
       "id":"pmg1709157026832", 
       "title":"Weitere Tools", 
       "description":"Richten Sie Jupyter Notebook-Demos ein und führen Sie sie aus.", 
       "url":"Vantage/de/pmg1709157026832.md"
       }
    , 
    { 
       "id":"bkm1640280721917", 
       "title":"Anwendungsfälle", 
       "description":"Anwendungsfälle zum Kennenlernen von VantageCloud Lake-Funktionen ausführen", 
       "icon":"book", 
       "url":"Vantage/de/bkm1640280721917.md", 
       "childrenUrl":"VantageCloudLakeUseCases/use-cases-en.json"
       }
    , 
    { 
       "id":"nhn1706907203900", 
       "title":"Dokumentation", 
       "description":"Schließen Sie die VantageCloud Lake-Dokumentation ab.", 
       "icon":"library_books", 
       "url":"Vantage/de/nhn1706907203900.md"
       }
    , 
    { 
       "id":"pkj1706907262368", 
       "title":"Technischer Support", 
       "description":"Erstellen und verwalten Sie Serviceanfragen.", 
       "icon":"Support", 
       "url":"Vantage/de/pkj1706907262368.md"
       }

    ]

 }
