{  "items":[
    { 
       "id":"uct1707186367384", 
       "title":"Get started", 
       "description":"Begin your VantageCloud experience.", 
       "icon":"person", 
       "url":"VantageCloud_Learn/uct1707186367384.md", 
       "children":[
          { 
             "id":"xmm1707187643364", 
             "title":"Welcome to VantageCloud Lake", 
             "description":"Discover the parts of the Console.", 
             "icon":"teradata;covalent", 
             "url":"VantageCloud_Learn/xmm1707187643364.md"
             }
          , 
          { 
             "id":"jiy1707187681752", 
             "title":"Create environments", 
             "description":"Create your first primary cluster and database.", 
             "icon":"server;covalent", 
             "url":"VantageCloud_Learn/jiy1707187681752.md", 
             "children":[
                { 
                   "id":"leq1721069053027", 
                   "title":"Primary cluster", 
                   "url":"VantageCloud_Learn/leq1721069053027.md"
                   }
                , 
                { 
                   "id":"czl1721069081260", 
                   "title":"Database credentials", 
                   "url":"VantageCloud_Learn/czl1721069081260.md"
                   }
                , 
                { 
                   "id":"keu1721069101205", 
                   "title":"Advanced options", 
                   "url":"VantageCloud_Learn/keu1721069101205.md"
                   }

                ]

             }
          , 
          { 
             "id":"krx1707187712212", 
             "title":"Enable network access", 
             "description":"Allow network connections to your environment.", 
             "icon":"network_locked", 
             "url":"VantageCloud_Learn/krx1707187712212.md", 
             "children":[
                { 
                   "id":"jlq1721090154719", 
                   "title":"Internet connection", 
                   "url":"VantageCloud_Learn/jlq1721090154719.md"
                   }
                , 
                { 
                   "id":"suh1721090175745", 
                   "title":"Private link", 
                   "url":"VantageCloud_Learn/suh1721090175745.md"
                   }

                ]

             }

          ]

       }
    , 
    { 
       "id":"lam1707187864117", 
       "title":"Run your first query", 
       "description":"Use the Editor to run your first Vantage query.", 
       "icon":"script_sql;covalent", 
       "url":"VantageCloud_Learn/lam1707187864117.md", 
       "children":[
          { 
             "id":"boe1721092788909", 
             "title":"Write the query", 
             "url":"VantageCloud_Learn/boe1721092788909.md"
             }
          , 
          { 
             "id":"ydj1721092986132", 
             "title":"Visualize the results", 
             "url":"VantageCloud_Learn/ydj1721092986132.md"
             }

          ]

       }
    , 
    { 
       "id":"ubu1707187832449", 
       "title":"Help content", 
       "description":"Learn what to do next", 
       "url":"VantageCloud_Learn/ubu1707187832449.md", 
       "children":[
          { 
             "id":"qlu1714845432088", 
             "title":"Compute resources", 
             "description":"Learn about compute resources to separate processing, monitoring, and billing", 
             "icon":"compute_groups;covalent", 
             "url":"VantageCloud_Learn/qlu1714845432088.md", 
             "childrenUrl":"nmr1658424425362"
             }
          , 
          { 
             "id":"ujr1714845520425", 
             "title":"Database users", 
             "description":"See how to add other users to the environment's database.", 
             "icon":"group", 
             "url":"VantageCloud_Learn/ujr1714845520425.md", 
             "childrenUrl":"wxe1659392685092"
             }
          , 
          { 
             "id":"nnr1714845584229", 
             "title":"Single sign-on", 
             "description":"Understand how to use your corporate identity provider to allow access to the environment.", 
             "icon":"connected_identity;covalent", 
             "url":"VantageCloud_Learn/nnr1714845584229.md", 
             "childrenUrl":"mxq1680183881642"
             }
          , 
          { 
             "id":"wje1714845660801", 
             "title":"Data protection", 
             "description":"Discover ways to backup and restore your data.", 
             "icon":"settings_backup_restore", 
             "url":"VantageCloud_Learn/wje1714845660801.md", 
             "childrenUrl":"jrq1640280690304"
             }
          , 
          { 
             "id":"bbh1714845725516", 
             "title":"Load data", 
             "description":"Discover ways to load and access your data.", 
             "icon":"database_synced;covalent", 
             "url":"VantageCloud_Learn/bbh1714845725516.md", 
             "childrenUrl":"jwm1694121113608"
             }
          , 
          { 
             "id":"zvp1714845785474", 
             "title":"Connect your own tools", 
             "description":"Use the tool of your choice with your Vantage environment.", 
             "icon":"build", 
             "url":"VantageCloud_Learn/zvp1714845785474.md", 
             "childrenUrl":"pmg1709157026832"
             }
          , 
          { 
             "id":"ybo1714845836541", 
             "title":"Explore use cases", 
             "description":"Run uses cases to experience VantageCloud Lake capabilities.", 
             "icon":"book", 
             "url":"VantageCloud_Learn/ybo1714845836541.md", 
             "childrenUrl":"bkm1640280721917"
             }
          , 
          { 
             "id":"uvi1714845877298", 
             "title":"Resource monitoring", 
             "description":"Learn how to review query details to better balance compute resources.", 
             "icon":"show_chart", 
             "url":"VantageCloud_Learn/uvi1714845877298.md", 
             "childrenUrl":"onj1682104977691"
             }

          ]

       }
    , 
    { 
       "id":"sgl1707186427875", 
       "title":"Additional resources", 
       "description":"Where to go for more help.", 
       "url":"VantageCloud_Learn/sgl1707186427875.md", 
       "children":[
          { 
             "id":"gxj1707271369419", 
             "title":"Resource center", 
             "description":"View how-tos, learn what's new, and follow step-by-step configuration best practices.", 
             "icon":"live_help", 
             "url":"VantageCloud_Learn/gxj1707271369419.md", 
             "childrenUrl":"resource-center"
             }
          , 
          { 
             "id":"bnn1707271398245", 
             "title":"What's new", 
             "description":"Learn about new features and the latest changes.", 
             "icon":"new_releases", 
             "url":"VantageCloud_Learn/bnn1707271398245.md", 
             "childrenUrl":"bab1682536172420"
             }
          , 
          { 
             "id":"ahx1707271934625", 
             "title":"Technical documentation", 
             "description":"Review VantageCloud Lake reference guides, quick starts, and tutorials.", 
             "icon":"library_books", 
             "url":"VantageCloud_Learn/ahx1707271934625.md", 
             "childrenUrl":"https://docs.teradata.com/p/VantageCloud/Lake"
             }
          , 
          { 
             "id":"hjw1710373993637", 
             "title":"Downloads & drivers", 
             "description":"Find tools to improve your workflow with Vantage.", 
             "icon":"download", 
             "url":"VantageCloud_Learn/hjw1710373993637.md", 
             "childrenUrl":"https://downloads.teradata.com/"
             }
          , 
          { 
             "id":"zzu1719238244068", 
             "title":"Technical Support", 
             "description":"Create and manage service requests.", 
             "icon":"support", 
             "url":"VantageCloud_Learn/zzu1719238244068.md", 
             "childrenUrl":"https://support.teradata.com/"
             }
          , 
          { 
             "id":"jfl1714832551578", 
             "title":"Vantage community", 
             "description":"Connect with other VantageCloud Lake users.", 
             "icon":"cloud", 
             "url":"VantageCloud_Learn/jfl1714832551578.md", 
             "childrenUrl":"https://support.teradata.com/community"
             }

          ]

       }

    ]

 }
