<?xml version="1.0" encoding="UTF-8"?>
<root>
   <items>
      <id>uct1707186367384</id>
      <title>Get started</title>
      <description>Begin your VantageCloud experience.</description>
      <icon>person</icon>
      <url>VantageCloud_Learn/uct1707186367384.md</url>
      <children xmlns:json="http://json.org/" json:force-array="true">
         <id>xmm1707187643364</id>
         <title>Welcome to VantageCloud Lake</title>
         <description>Discover the parts of the Console.</description>
         <icon>teradata;covalent</icon>
         <url>VantageCloud_Learn/xmm1707187643364.md</url>
      </children>
      <children xmlns:json="http://json.org/" json:force-array="true">
         <id>jiy1707187681752</id>
         <title>Create environments</title>
         <description>Create your first primary cluster and database.</description>
         <icon>server;covalent</icon>
         <url>VantageCloud_Learn/jiy1707187681752.md</url>
         <children json:force-array="true">
            <id>leq1721069053027</id>
            <title>Primary cluster</title>
            <url>VantageCloud_Learn/leq1721069053027.md</url>
         </children>
         <children json:force-array="true">
            <id>czl1721069081260</id>
            <title>Database credentials</title>
            <url>VantageCloud_Learn/czl1721069081260.md</url>
         </children>
         <children json:force-array="true">
            <id>keu1721069101205</id>
            <title>Advanced options</title>
            <url>VantageCloud_Learn/keu1721069101205.md</url>
         </children>
      </children>
      <children xmlns:json="http://json.org/" json:force-array="true">
         <id>krx1707187712212</id>
         <title>Enable network access</title>
         <description>Allow network connections to your environment.</description>
         <icon>network_locked</icon>
         <url>VantageCloud_Learn/krx1707187712212.md</url>
         <children json:force-array="true">
            <id>jlq1721090154719</id>
            <title>Internet connection</title>
            <url>VantageCloud_Learn/jlq1721090154719.md</url>
         </children>
         <children json:force-array="true">
            <id>suh1721090175745</id>
            <title>Private link</title>
            <url>VantageCloud_Learn/suh1721090175745.md</url>
         </children>
      </children>
   </items>
   <items>
      <id>lam1707187864117</id>
      <title>Run your first query</title>
      <description>Use the Editor to run your first Vantage query.</description>
      <icon>script_sql;covalent</icon>
      <url>VantageCloud_Learn/lam1707187864117.md</url>
      <children xmlns:json="http://json.org/" json:force-array="true">
         <id>boe1721092788909</id>
         <title>Write the query</title>
         <url>VantageCloud_Learn/boe1721092788909.md</url>
      </children>
      <children xmlns:json="http://json.org/" json:force-array="true">
         <id>ydj1721092986132</id>
         <title>Visualize the results</title>
         <url>VantageCloud_Learn/ydj1721092986132.md</url>
      </children>
   </items>
   <items>
      <id>ubu1707187832449</id>
      <title>Help content</title>
      <description>Learn what to do next</description>
      <url>VantageCloud_Learn/ubu1707187832449.md</url>
      <children xmlns:json="http://json.org/" json:force-array="true">
         <id>qlu1714845432088</id>
         <title>Compute resources</title>
         <description>Learn about compute resources to separate processing, monitoring, and billing</description>
         <icon>compute_groups;covalent</icon>
         <url>VantageCloud_Learn/qlu1714845432088.md</url>
         <childrenUrl>nmr1658424425362</childrenUrl>
      </children>
      <children xmlns:json="http://json.org/" json:force-array="true">
         <id>ujr1714845520425</id>
         <title>Database users</title>
         <description>See how to add other users to the environment's database.</description>
         <icon>group</icon>
         <url>VantageCloud_Learn/ujr1714845520425.md</url>
         <childrenUrl>wxe1659392685092</childrenUrl>
      </children>
      <children xmlns:json="http://json.org/" json:force-array="true">
         <id>nnr1714845584229</id>
         <title>Single sign-on</title>
         <description>Understand how to use your corporate identity provider to allow access to the environment.</description>
         <icon>connected_identity;covalent</icon>
         <url>VantageCloud_Learn/nnr1714845584229.md</url>
         <childrenUrl>mxq1680183881642</childrenUrl>
      </children>
      <children xmlns:json="http://json.org/" json:force-array="true">
         <id>wje1714845660801</id>
         <title>Data protection</title>
         <description>Discover ways to backup and restore your data.</description>
         <icon>settings_backup_restore</icon>
         <url>VantageCloud_Learn/wje1714845660801.md</url>
         <childrenUrl>jrq1640280690304</childrenUrl>
      </children>
      <children xmlns:json="http://json.org/" json:force-array="true">
         <id>bbh1714845725516</id>
         <title>Load data</title>
         <description>Discover ways to load and access your data.</description>
         <icon>database_synced;covalent</icon>
         <url>VantageCloud_Learn/bbh1714845725516.md</url>
         <childrenUrl>jwm1694121113608</childrenUrl>
      </children>
      <children xmlns:json="http://json.org/" json:force-array="true">
         <id>zvp1714845785474</id>
         <title>Connect your own tools</title>
         <description>Use the tool of your choice with your Vantage environment.</description>
         <icon>build</icon>
         <url>VantageCloud_Learn/zvp1714845785474.md</url>
         <childrenUrl>pmg1709157026832</childrenUrl>
      </children>
      <children xmlns:json="http://json.org/" json:force-array="true">
         <id>ybo1714845836541</id>
         <title>Explore use cases</title>
         <description>Run uses cases to experience VantageCloud Lake capabilities.</description>
         <icon>book</icon>
         <url>VantageCloud_Learn/ybo1714845836541.md</url>
         <childrenUrl>bkm1640280721917</childrenUrl>
      </children>
      <children xmlns:json="http://json.org/" json:force-array="true">
         <id>uvi1714845877298</id>
         <title>Resource monitoring</title>
         <description>Learn how to review query details to better balance compute resources.</description>
         <icon>show_chart</icon>
         <url>VantageCloud_Learn/uvi1714845877298.md</url>
         <childrenUrl>onj1682104977691</childrenUrl>
      </children>
   </items>
   <items>
      <id>sgl1707186427875</id>
      <title>Additional resources</title>
      <description>Where to go for more help.</description>
      <url>VantageCloud_Learn/sgl1707186427875.md</url>
      <children xmlns:json="http://json.org/" json:force-array="true">
         <id>gxj1707271369419</id>
         <title>Resource center</title>
         <description>View how-tos, learn what's new, and follow step-by-step configuration best practices.</description>
         <icon>live_help</icon>
         <url>VantageCloud_Learn/gxj1707271369419.md</url>
         <childrenUrl>resource-center</childrenUrl>
      </children>
      <children xmlns:json="http://json.org/" json:force-array="true">
         <id>bnn1707271398245</id>
         <title>What's new</title>
         <description>Learn about new features and the latest changes.</description>
         <icon>new_releases</icon>
         <url>VantageCloud_Learn/bnn1707271398245.md</url>
         <childrenUrl>bab1682536172420</childrenUrl>
      </children>
      <children xmlns:json="http://json.org/" json:force-array="true">
         <id>ahx1707271934625</id>
         <title>Technical documentation</title>
         <description>Review VantageCloud Lake reference guides, quick starts, and tutorials.</description>
         <icon>library_books</icon>
         <url>VantageCloud_Learn/ahx1707271934625.md</url>
         <childrenUrl>https://docs.teradata.com/p/VantageCloud/Lake</childrenUrl>
      </children>
      <children xmlns:json="http://json.org/" json:force-array="true">
         <id>hjw1710373993637</id>
         <title>Downloads &amp; drivers</title>
         <description>Find tools to improve your workflow with Vantage.</description>
         <icon>download</icon>
         <url>VantageCloud_Learn/hjw1710373993637.md</url>
         <childrenUrl>https://downloads.teradata.com/</childrenUrl>
      </children>
      <children xmlns:json="http://json.org/" json:force-array="true">
         <id>zzu1719238244068</id>
         <title>Technical Support</title>
         <description>Create and manage service requests.</description>
         <icon>support</icon>
         <url>VantageCloud_Learn/zzu1719238244068.md</url>
         <childrenUrl>https://support.teradata.com/</childrenUrl>
      </children>
      <children xmlns:json="http://json.org/" json:force-array="true">
         <id>jfl1714832551578</id>
         <title>Vantage community</title>
         <description>Connect with other VantageCloud Lake users.</description>
         <icon>cloud</icon>
         <url>VantageCloud_Learn/jfl1714832551578.md</url>
         <childrenUrl>https://support.teradata.com/community</childrenUrl>
      </children>
   </items>
</root>
