{  "items":[
    { 
       "id":"uct1707186367384", 
       "title":"Get started", 
       "description":"Begin your VantageCloud Lake experience.", 
       "url":"VantageCloud_Learn/uct1707186367384.md", 
       "children":[
          { 
             "id":"rfk1714168651268", 
             "title":"VantageCloud Lake Trial information", 
             "description":"Get the most from your trial experience.", 
             "icon":"info", 
             "url":"VantageCloud_Learn/rfk1714168651268.md", 
             "childrenUrl":"cjc1721842333639"
             }
          , 
          { 
             "id":"xmm1707187643364", 
             "title":"Welcome to VantageCloud Lake", 
             "description":"Discover the parts of the Console.", 
             "icon":"teradata_outlined;covalent", 
             "url":"VantageCloud_Learn/xmm1707187643364.md", 
             "childrenUrl":"apv1721232251932"
             }
          , 
          { 
             "id":"lam1707187864117", 
             "title":"Run your first query", 
             "description":"Use the Editor to run your first Vantage query.", 
             "icon":"script_sql_outlined;covalent", 
             "url":"VantageCloud_Learn/lam1707187864117.md", 
             "childrenUrl":"ahj1695153106508"
             }
          , 
          { 
             "id":"ybo1714845836541", 
             "title":"Explore use cases", 
             "description":"Run uses cases to experience VantageCloud Lake capabilities.", 
             "icon":"book", 
             "url":"VantageCloud_Learn/ybo1714845836541.md", 
             "childrenUrl":"bkm1640280721917"
             }

          ]

       }
    , 
    { 
       "id":"ubu1707187832449", 
       "title":"Help content", 
       "description":"Learn what to do next.", 
       "url":"VantageCloud_Learn/ubu1707187832449.md", 
       "children":[
          { 
             "id":"qlu1714845432088", 
             "title":"Compute resources", 
             "description":"Learn about compute resources to separate processing, monitoring, and billing", 
             "icon":"compute_groups_outlined;covalent", 
             "url":"VantageCloud_Learn/qlu1714845432088.md", 
             "childrenUrl":"nmr1658424425362"
             }
          , 
          { 
             "id":"ujr1714845520425", 
             "title":"Database users", 
             "description":"See how to add other users to the environment's database.", 
             "icon":"group", 
             "url":"VantageCloud_Learn/ujr1714845520425.md", 
             "childrenUrl":"wxe1659392685092"
             }
          , 
          { 
             "id":"wje1714845660801", 
             "title":"Data protection", 
             "description":"Discover ways to backup and restore your data.", 
             "icon":"settings_backup_restore", 
             "url":"VantageCloud_Learn/wje1714845660801.md", 
             "childrenUrl":"jrq1640280690304"
             }
          , 
          { 
             "id":"bbh1714845725516", 
             "title":"Load data", 
             "description":"Discover ways to load and access your data.", 
             "icon":"database_synced_outlined;covalent", 
             "url":"VantageCloud_Learn/bbh1714845725516.md", 
             "childrenUrl":"jwm1694121113608"
             }
          , 
          { 
             "id":"oux1714177476353", 
             "title":"Review the SQL reference guide", 
             "description":"Find complete information on all SQL commands, functions, and database references", 
             "icon":"product_editor_outlined;covalent", 
             "url":"VantageCloud_Learn/oux1714177476353.md", 
             "childrenUrl":"https://docs.teradata.com/r/Teradata-VantageCloud-Lake/Database-Reference"
             }

          ]

       }
    , 
    { 
       "id":"sgl1707186427875", 
       "title":"Additional resources", 
       "description":"Where to go for more help.", 
       "url":"VantageCloud_Learn/sgl1707186427875.md", 
       "children":[
          { 
             "id":"gxj1707271369419", 
             "title":"Resource center", 
             "description":"View how-to's, learn what's new, and follow step-by-step configuration best practices.", 
             "icon":"live_help", 
             "url":"VantageCloud_Learn/gxj1707271369419.md", 
             "childrenUrl":"resource-center"
             }
          , 
          { 
             "id":"ahx1707271934625", 
             "title":"Technical documentation", 
             "description":"Review VantageCloud Lake reference guides, quick starts, and tutorials.", 
             "icon":"library_books", 
             "url":"VantageCloud_Learn/ahx1707271934625.md", 
             "childrenUrl":"https://docs.teradata.com/p/VantageCloud/Lake"
             }
          , 
          { 
             "id":"hjw1710373993637", 
             "title":"Downloads & drivers", 
             "description":"Find tools to improve your workflow with Vantage.", 
             "icon":"download", 
             "url":"VantageCloud_Learn/hjw1710373993637.md", 
             "childrenUrl":"https://downloads.teradata.com/"
             }
          , 
          { 
             "id":"fmi1714832461484", 
             "title":"Technical support", 
             "description":"Get help with your trial.", 
             "icon":"support", 
             "url":"VantageCloud_Learn/fmi1714832461484.md"
             }
          , 
          { 
             "id":"jfl1714832551578", 
             "title":"Vantage community", 
             "description":"Connect with other VantageCloud Lake users.", 
             "icon":"handshake", 
             "url":"VantageCloud_Learn/jfl1714832551578.md", 
             "childrenUrl":"https://support.teradata.com/community"
             }

          ]

       }

    ]

 }
