<?xml version="1.0" encoding="UTF-8"?>
<root>
   <items>
      <id>uct1707186367384</id>
      <title>Get started</title>
      <description>Begin your VantageCloud Lake experience.</description>
      <url>VantageCloud_Learn/uct1707186367384.md</url>
      <children xmlns:json="http://json.org/" json:force-array="true">
         <id>rfk1714168651268</id>
         <title>VantageCloud Lake Trial information</title>
         <description>Get the most from your trial experience.</description>
         <icon>info</icon>
         <url>VantageCloud_Learn/rfk1714168651268.md</url>
         <childrenUrl>cjc1721842333639</childrenUrl>
      </children>
      <children xmlns:json="http://json.org/" json:force-array="true">
         <id>xmm1707187643364</id>
         <title>Welcome to VantageCloud Lake</title>
         <description>Discover the parts of the Console.</description>
         <icon>teradata_outlined;covalent</icon>
         <url>VantageCloud_Learn/xmm1707187643364.md</url>
         <childrenUrl>apv1721232251932</childrenUrl>
      </children>
      <children xmlns:json="http://json.org/" json:force-array="true">
         <id>lam1707187864117</id>
         <title>Run your first query</title>
         <description>Use the Editor to run your first Vantage query.</description>
         <icon>script_sql_outlined;covalent</icon>
         <url>VantageCloud_Learn/lam1707187864117.md</url>
         <childrenUrl>ahj1695153106508</childrenUrl>
      </children>
      <children xmlns:json="http://json.org/" json:force-array="true">
         <id>ybo1714845836541</id>
         <title>Explore use cases</title>
         <description>Run uses cases to experience VantageCloud Lake capabilities.</description>
         <icon>book</icon>
         <url>VantageCloud_Learn/ybo1714845836541.md</url>
         <childrenUrl>bkm1640280721917</childrenUrl>
      </children>
   </items>
   <items>
      <id>ubu1707187832449</id>
      <title>Help content</title>
      <description>Learn what to do next.</description>
      <url>VantageCloud_Learn/ubu1707187832449.md</url>
      <children xmlns:json="http://json.org/" json:force-array="true">
         <id>qlu1714845432088</id>
         <title>Compute resources</title>
         <description>Learn about compute resources to separate processing, monitoring, and billing</description>
         <icon>compute_groups_outlined;covalent</icon>
         <url>VantageCloud_Learn/qlu1714845432088.md</url>
         <childrenUrl>nmr1658424425362</childrenUrl>
      </children>
      <children xmlns:json="http://json.org/" json:force-array="true">
         <id>ujr1714845520425</id>
         <title>Database users</title>
         <description>See how to add other users to the environment's database.</description>
         <icon>group</icon>
         <url>VantageCloud_Learn/ujr1714845520425.md</url>
         <childrenUrl>wxe1659392685092</childrenUrl>
      </children>
      <children xmlns:json="http://json.org/" json:force-array="true">
         <id>wje1714845660801</id>
         <title>Data protection</title>
         <description>Discover ways to backup and restore your data.</description>
         <icon>settings_backup_restore</icon>
         <url>VantageCloud_Learn/wje1714845660801.md</url>
         <childrenUrl>jrq1640280690304</childrenUrl>
      </children>
      <children xmlns:json="http://json.org/" json:force-array="true">
         <id>bbh1714845725516</id>
         <title>Load data</title>
         <description>Discover ways to load and access your data.</description>
         <icon>database_synced_outlined;covalent</icon>
         <url>VantageCloud_Learn/bbh1714845725516.md</url>
         <childrenUrl>jwm1694121113608</childrenUrl>
      </children>
      <children xmlns:json="http://json.org/" json:force-array="true">
         <id>oux1714177476353</id>
         <title>Review the SQL reference guide</title>
         <description>Find complete information on all SQL commands, functions, and database references</description>
         <icon>product_editor_outlined;covalent</icon>
         <url>VantageCloud_Learn/oux1714177476353.md</url>
         <childrenUrl>https://docs.teradata.com/r/Teradata-VantageCloud-Lake/Database-Reference</childrenUrl>
      </children>
   </items>
   <items>
      <id>sgl1707186427875</id>
      <title>Additional resources</title>
      <description>Where to go for more help.</description>
      <url>VantageCloud_Learn/sgl1707186427875.md</url>
      <children xmlns:json="http://json.org/" json:force-array="true">
         <id>gxj1707271369419</id>
         <title>Resource center</title>
         <description>View how-to's, learn what's new, and follow step-by-step configuration best practices.</description>
         <icon>live_help</icon>
         <url>VantageCloud_Learn/gxj1707271369419.md</url>
         <childrenUrl>resource-center</childrenUrl>
      </children>
      <children xmlns:json="http://json.org/" json:force-array="true">
         <id>ahx1707271934625</id>
         <title>Technical documentation</title>
         <description>Review VantageCloud Lake reference guides, quick starts, and tutorials.</description>
         <icon>library_books</icon>
         <url>VantageCloud_Learn/ahx1707271934625.md</url>
         <childrenUrl>https://docs.teradata.com/p/VantageCloud/Lake</childrenUrl>
      </children>
      <children xmlns:json="http://json.org/" json:force-array="true">
         <id>hjw1710373993637</id>
         <title>Downloads &amp; drivers</title>
         <description>Find tools to improve your workflow with Vantage.</description>
         <icon>download</icon>
         <url>VantageCloud_Learn/hjw1710373993637.md</url>
         <childrenUrl>https://downloads.teradata.com/</childrenUrl>
      </children>
      <children xmlns:json="http://json.org/" json:force-array="true">
         <id>fmi1714832461484</id>
         <title>Technical support</title>
         <description>Get help with your trial.</description>
         <icon>support</icon>
         <url>VantageCloud_Learn/fmi1714832461484.md</url>
      </children>
      <children xmlns:json="http://json.org/" json:force-array="true">
         <id>jfl1714832551578</id>
         <title>Vantage community</title>
         <description>Connect with other VantageCloud Lake users.</description>
         <icon>handshake</icon>
         <url>VantageCloud_Learn/jfl1714832551578.md</url>
         <childrenUrl>https://support.teradata.com/community</childrenUrl>
      </children>
   </items>
</root>
