<?xml version="1.0" encoding="UTF-8"?>
<root>
   <items>
      <id>tta1687442978234</id>
      <title>Get started</title>
      <description>Complete these tasks first.</description>
      <icon>rocket_launch</icon>
      <url>Vantage/tta1687442978234.md</url>
      <children xmlns:json="http://json.org/" json:force-array="true">
         <id>apv1721232251932</id>
         <title>Welcome to VantageCloud Lake</title>
         <description>Discover the parts of the Console.</description>
         <url>Vantage/apv1721232251932.md</url>
         <children json:force-array="true">
            <id>auh1721168357818</id>
            <title>Menu</title>
            <url>Vantage/auh1721168357818.md</url>
         </children>
         <children json:force-array="true">
            <id>njy1721168384549</id>
            <title>Toolbar</title>
            <url>Vantage/njy1721168384549.md</url>
         </children>
         <children json:force-array="true">
            <id>xex1721168413281</id>
            <title>Learn resources</title>
            <url>Vantage/xex1721168413281.md</url>
         </children>
      </children>
      <children xmlns:json="http://json.org/" json:force-array="true">
         <id>cjc1721842333639</id>
         <title>VantageCloud Lake Trial information</title>
         <description>Get the most from your trial experience.</description>
         <url>Vantage/cjc1721842333639.md</url>
      </children>
      <children xmlns:json="http://json.org/" json:force-array="true">
         <id>uee1640282265780</id>
         <title>Organization admins</title>
         <description>Begin your VantageCloud Lake experience.</description>
         <url>Vantage/uee1640282265780.md</url>
         <children json:force-array="true">
            <id>wvr1709157903898</id>
            <title>Create your environment</title>
            <description>Create your first primary cluster and database.</description>
            <icon>counter_1</icon>
            <url>Vantage/wvr1709157903898.md</url>
            <children json:force-array="true">
               <id>leq1721069053027</id>
               <title>Primary cluster</title>
               <url>Vantage/leq1721069053027.md</url>
            </children>
            <children json:force-array="true">
               <id>czl1721069081260</id>
               <title>Database credentials</title>
               <url>Vantage/czl1721069081260.md</url>
            </children>
            <children json:force-array="true">
               <id>keu1721069101205</id>
               <title>Advanced options</title>
               <url>Vantage/keu1721069101205.md</url>
            </children>
         </children>
         <children json:force-array="true">
            <id>cqk1721231159841</id>
            <title>Enable access</title>
            <description>Allow connections to your environment.</description>
            <icon>counter_2</icon>
            <url>Vantage/cqk1721231159841.md</url>
            <children json:force-array="true">
               <id>jlq1721090154719</id>
               <title>Internet connection</title>
               <url>Vantage/jlq1721090154719.md</url>
            </children>
            <children json:force-array="true">
               <id>suh1721090175745</id>
               <title>Private link</title>
               <url>Vantage/suh1721090175745.md</url>
            </children>
         </children>
         <children json:force-array="true">
            <id>ahj1695153106508</id>
            <title>Run your first query</title>
            <description>Use the Editor to run your first Vantage query.</description>
            <icon>counter_3</icon>
            <url>Vantage/ahj1695153106508.md</url>
            <children json:force-array="true">
               <id>boe1721092788909</id>
               <title>Write the query</title>
               <icon>counter_1</icon>
               <url>Vantage/boe1721092788909.md</url>
            </children>
            <children json:force-array="true">
               <id>ydj1721092986132</id>
               <title>Visualize the results</title>
               <icon>counter_2</icon>
               <url>Vantage/ydj1721092986132.md</url>
            </children>
         </children>
         <children json:force-array="true">
            <id>myu1722373703045</id>
            <title>Additional tasks</title>
            <description>What to do next</description>
            <url>Vantage/myu1722373703045.md</url>
         </children>
      </children>
      <children xmlns:json="http://json.org/" json:force-array="true">
         <id>rvv1721237055370</id>
         <title>Database users</title>
         <description>Begin your VantageCloud Lake experience.</description>
         <url>Vantage/rvv1721237055370.md</url>
      </children>
      <children xmlns:json="http://json.org/" json:force-array="true">
         <id>uah1721690770470</id>
         <title>Launch tools</title>
         <description>Provision features not yet installed.</description>
         <url>Vantage/uah1721690770470.md</url>
         <children json:force-array="true">
            <id>ddq1721690838988</id>
            <title>Set up data sharing</title>
            <description>Set up data sharing service to share tables and views with other users.</description>
            <url>Vantage/ddq1721690838988.md</url>
            <children json:force-array="true">
               <id>paa1721766522352</id>
               <title>Create a share admin</title>
               <description>Add a user or role as a TD_USER_ADMIN.</description>
               <url>Vantage/paa1721766522352.md</url>
            </children>
            <children json:force-array="true">
               <id>ymj1721766784498</id>
               <title>Add a share admins</title>
               <description>Add a user or role as a DS_ADMIN</description>
               <url>Vantage/ymj1721766784498.md</url>
            </children>
            <children json:force-array="true">
               <id>hfs1721767315385</id>
               <title>Add citizens and providers</title>
               <description>Add a user or role as a subscriber and provider.</description>
               <url>Vantage/hfs1721767315385.md</url>
            </children>
         </children>
      </children>
   </items>
   <items>
      <id>apw1640280478763</id>
      <title>Organization</title>
      <description>Manage your VantageCloud Lake organization.</description>
      <url>Vantage/apw1640280478763.md</url>
      <children xmlns:json="http://json.org/" json:force-array="true">
         <id>hrv1640281410572</id>
         <title>Manage organization admins</title>
         <description>Considerations for managing organization admins.</description>
         <url>Vantage/hrv1640281410572.md</url>
      </children>
      <children xmlns:json="http://json.org/" json:force-array="true">
         <id>mxq1680183881642</id>
         <title>Set up single sign-on</title>
         <description>Configure identity providers and realms</description>
         <url>Vantage/mxq1680183881642.md</url>
         <children json:force-array="true">
            <id>whf1680184025148</id>
            <title>Add an identity provider</title>
            <icon>counter_1</icon>
            <url>Vantage/whf1680184025148.md</url>
            <children json:force-array="true">
               <id>lfb1680194800865</id>
               <title>OpenID Connect</title>
               <url>Vantage/lfb1680194800865.md</url>
            </children>
            <children json:force-array="true">
               <id>dhs1680194823192</id>
               <title>SAML 2.0</title>
               <url>Vantage/dhs1680194823192.md</url>
            </children>
         </children>
         <children json:force-array="true">
            <id>ruf1680184116601</id>
            <title>Create realms</title>
            <icon>counter_2</icon>
            <url>Vantage/ruf1680184116601.md</url>
         </children>
         <children json:force-array="true">
            <id>jbj1680184191443</id>
            <title>Associate realms with environments</title>
            <icon>counter_3</icon>
            <url>Vantage/jbj1680184191443.md</url>
         </children>
         <children json:force-array="true">
            <id>qma1680184498880</id>
            <title>Single sign-on FAQ</title>
            <description>Find answers to common SSO questions.</description>
            <url>Vantage/qma1680184498880.md</url>
         </children>
      </children>
      <children xmlns:json="http://json.org/" json:force-array="true">
         <id>mwx1694115292045</id>
         <title>Manage access tokens</title>
         <description>View current access tokens in your organization.</description>
         <url>Vantage/mwx1694115292045.md</url>
      </children>
   </items>
   <items>
      <id>sbt1640280496980</id>
      <title>Environments</title>
      <description>Load data, run queries, and more.</description>
      <url>Vantage/sbt1640280496980.md</url>
      <children xmlns:json="http://json.org/" json:force-array="true">
         <id>qiv1640281527006</id>
         <title>Create an environment</title>
         <description>Create an environment for your organization.</description>
         <url>Vantage/qiv1640281527006.md</url>
      </children>
      <children xmlns:json="http://json.org/" json:force-array="true">
         <id>laq1640280582810</id>
         <title>Configure environment settings</title>
         <description>How users connect to the environment.</description>
         <url>Vantage/laq1640280582810.md</url>
         <children json:force-array="true">
            <id>jsw1721184303432</id>
            <title>Create a private endpoint in the AWS Portal</title>
            <description>Complete the AWS PrivateLink configuration.</description>
            <url>Vantage/jsw1721184303432.md</url>
         </children>
         <children json:force-array="true">
            <id>hyl1696627580794</id>
            <title>Create a private endpoint in the Azure Portal</title>
            <description>Complete the Private Link configuration.</description>
            <url>Vantage/hyl1696627580794.md</url>
         </children>
      </children>
      <children xmlns:json="http://json.org/" json:force-array="true">
         <id>nmr1658424425362</id>
         <title>Compute resources</title>
         <description>Manage compute resources</description>
         <url>Vantage/nmr1658424425362.md</url>
         <children json:force-array="true">
            <id>isb1696461636881</id>
            <title>Primary cluster</title>
            <description>Understand the primary cluster</description>
            <url>Vantage/isb1696461636881.md</url>
         </children>
         <children json:force-array="true">
            <id>mqu1640280532737</id>
            <title>Compute groups</title>
            <description>Assign compute resources</description>
            <url>Vantage/mqu1640280532737.md</url>
            <children json:force-array="true">
               <id>xrr1658772541186</id>
               <title>Create a compute group</title>
               <description>Explore compute group types.</description>
               <url>Vantage/xrr1658772541186.md</url>
            </children>
            <children json:force-array="true">
               <id>dvl1640281718303</id>
               <title>Manage a compute group</title>
               <description>Create or edit a compute profile.</description>
               <url>Vantage/dvl1640281718303.md</url>
            </children>
            <children json:force-array="true">
               <id>wdz1640281743091</id>
               <title>Compute group access</title>
               <url>Vantage/wdz1640281743091.md</url>
            </children>
            <children json:force-array="true">
               <id>zai1697030381122</id>
               <title>Compute group facts</title>
               <url>Vantage/zai1697030381122.md</url>
            </children>
         </children>
         <children json:force-array="true">
            <id>aow1703107228725</id>
            <title>Consumption estimator</title>
            <description>Estimate consumption for primary and compute clusters</description>
            <url>Vantage/aow1703107228725.md</url>
         </children>
      </children>
      <children xmlns:json="http://json.org/" json:force-array="true">
         <id>fcv1681758902467</id>
         <title>Manage access</title>
         <description>Access management for an environment.</description>
         <url>Vantage/fcv1681758902467.md</url>
         <children json:force-array="true">
            <id>asz1695761738873</id>
            <title>Give single sign-on users access</title>
            <description>Associate the environment with a realm</description>
            <url>Vantage/asz1695761738873.md</url>
         </children>
         <children json:force-array="true">
            <id>wxe1659392685092</id>
            <title>Manage database users</title>
            <description>Considerations for managing users of an environment.</description>
            <url>Vantage/wxe1659392685092.md</url>
         </children>
      </children>
      <children xmlns:json="http://json.org/" json:force-array="true">
         <id>jwm1694121113608</id>
         <title>Load data</title>
         <description>Load or access data.</description>
         <url>Vantage/jwm1694121113608.md</url>
         <children json:force-array="true">
            <id>auw1640280669500</id>
            <title>Flows</title>
            <description>Load data from object storage.</description>
            <url>Vantage/auw1640280669500.md</url>
            <children json:force-array="true">
               <id>wsa1640282405363</id>
               <title>Who does what</title>
               <url>Vantage/wsa1640282405363.md</url>
            </children>
            <children json:force-array="true">
               <id>luq1640282345986</id>
               <title>Create a flow</title>
               <url>Vantage/luq1640282345986.md</url>
               <children json:force-array="true">
                  <id>ury1691596218182</id>
                  <title>Load option considerations</title>
                  <description>Options running a Flow</description>
                  <url>Vantage/ury1691596218182.md</url>
               </children>
               <children json:force-array="true">
                  <id>vwc1691596425578</id>
                  <title>Source and target authorization</title>
                  <description>Set up authorization for Flows</description>
                  <url>Vantage/vwc1691596425578.md</url>
               </children>
               <children json:force-array="true">
                  <id>npn1691594431074</id>
                  <title>Sources and targets</title>
                  <description>Establish Flow source and target tables.</description>
                  <url>Vantage/npn1691594431074.md</url>
               </children>
               <children json:force-array="true">
                  <id>wer1691592221683</id>
                  <title>Provide access to Amazon S3 buckets</title>
                  <url>Vantage/wer1691592221683.md</url>
               </children>
            </children>
            <children json:force-array="true">
               <id>fqx1691599182279</id>
               <title>Run, pause, or reset a flow</title>
               <url>Vantage/fqx1691599182279.md</url>
            </children>
            <children json:force-array="true">
               <id>dod1691610081069</id>
               <title>Update a flow</title>
               <url>Vantage/dod1691610081069.md</url>
            </children>
            <children json:force-array="true">
               <id>dxg1691603081375</id>
               <title>Flows FAQ</title>
               <description>Answers to common Flows questions.</description>
               <url>Vantage/dxg1691603081375.md</url>
            </children>
         </children>
         <children json:force-array="true">
            <id>vyx1659391025497</id>
            <title>QueryGrid</title>
            <description>Transfer data between one or more data sources.</description>
            <url>Vantage/vyx1659391025497.md</url>
            <children json:force-array="true">
               <id>cdg1689098187313</id>
               <title>Connectivity and components</title>
               <description>QueryGrid connectors and connectivity options.</description>
               <url>Vantage/cdg1689098187313.md</url>
            </children>
            <children json:force-array="true">
               <id>wrw1640282047881</id>
               <title>Deployment</title>
               <description>Prepare QueryGrid to add a data source</description>
               <url>Vantage/wrw1640282047881.md</url>
               <children json:force-array="true">
                  <id>znp1640282079399</id>
                  <title>Connect a data source</title>
                  <description>Add a data source to QueryGrid</description>
                  <url>Vantage/znp1640282079399.md</url>
                  <children json:force-array="true">
                     <id>bbw1687364943833</id>
                     <title>Set up authorization</title>
                     <url>Vantage/bbw1687364943833.md</url>
                  </children>
                  <children json:force-array="true">
                     <id>yml1671157089031</id>
                     <title>Request an interface endpoint</title>
                     <description>Create a private link request for QueryGrid.</description>
                     <url>Vantage/yml1671157089031.md</url>
                  </children>
                  <children json:force-array="true">
                     <id>esw1713987246219</id>
                     <title>Configure JWT SSO</title>
                     <description>JWT SSO connector properties</description>
                     <url>Vantage/esw1713987246219.md</url>
                  </children>
               </children>
               <children json:force-array="true">
                  <id>wgr1674777759031</id>
                  <title>Upgrade a non-Lake QueryGrid Manager</title>
                  <description>Make a non-Lake QueryGrid Manager compatible with Lake</description>
                  <url>Vantage/wgr1674777759031.md</url>
               </children>
            </children>
            <children json:force-array="true">
               <id>lzm1640282103875</id>
               <title>Management</title>
               <url>Vantage/lzm1640282103875.md</url>
               <children json:force-array="true">
                  <id>goh1640282193934</id>
                  <title>Fabric overview</title>
                  <description>Fabric connection visualized.</description>
                  <url>Vantage/goh1640282193934.md</url>
               </children>
               <children json:force-array="true">
                  <id>vhb1640282164870</id>
                  <title>Data sources</title>
                  <description>Manage data sources connected to QueryGrid.</description>
                  <url>Vantage/vhb1640282164870.md</url>
                  <children json:force-array="true">
                     <id>yfd1674158023864</id>
                     <title>Edit a data source</title>
                     <description>Edit connected data sources or assign as a proxy.</description>
                     <url>Vantage/yfd1674158023864.md</url>
                  </children>
                  <children json:force-array="true">
                     <id>zof1674159380680</id>
                     <title>Connectors</title>
                     <url>Vantage/zof1674159380680.md</url>
                  </children>
                  <children json:force-array="true">
                     <id>kzu1674159463068</id>
                     <title>Links</title>
                     <url>Vantage/kzu1674159463068.md</url>
                  </children>
                  <children json:force-array="true">
                     <id>pvy1674785931688</id>
                     <title>Bridges</title>
                     <url>Vantage/pvy1674785931688.md</url>
                  </children>
               </children>
               <children json:force-array="true">
                  <id>zxp1640282246701</id>
                  <title>Component settings</title>
                  <description>Configure QueryGrid components.</description>
                  <url>Vantage/zxp1640282246701.md</url>
                  <children json:force-array="true">
                     <id>wne1674087932617</id>
                     <title>Bridges</title>
                     <url>Vantage/wne1674087932617.md</url>
                  </children>
                  <children json:force-array="true">
                     <id>iwx1674087965329</id>
                     <title>Networks</title>
                     <url>Vantage/iwx1674087965329.md</url>
                  </children>
                  <children json:force-array="true">
                     <id>zap1674087994421</id>
                     <title>Communication policies</title>
                     <url>Vantage/zap1674087994421.md</url>
                  </children>
                  <children json:force-array="true">
                     <id>hmn1674088306575</id>
                     <title>User and role mappings</title>
                     <url>Vantage/hmn1674088306575.md</url>
                  </children>
                  <children json:force-array="true">
                     <id>eyz1674088497701</id>
                     <title>PrivateLink</title>
                     <url>Vantage/eyz1674088497701.md</url>
                  </children>
                  <children json:force-array="true">
                     <id>hfi1674786742869</id>
                     <title>JDBC drivers</title>
                     <url>Vantage/hfi1674786742869.md</url>
                  </children>
               </children>
               <children json:force-array="true">
                  <id>ama1689287374954</id>
                  <title>Issues</title>
                  <description>Considerations for reviewing QueryGrid issues.</description>
                  <url>Vantage/ama1689287374954.md</url>
               </children>
               <children json:force-array="true">
                  <id>oiw1640282294248</id>
                  <title>Operations</title>
                  <description>Details on current and completed queries.</description>
                  <url>Vantage/oiw1640282294248.md</url>
               </children>
            </children>
         </children>
      </children>
      <children xmlns:json="http://json.org/" json:force-array="true">
         <id>jrq1640280690304</id>
         <title>Data protection</title>
         <description>Protect data with backup and restore options.</description>
         <url>Vantage/jrq1640280690304.md</url>
         <children json:force-array="true">
            <id>qmb1659046927155</id>
            <title>Create a backup plan</title>
            <description>Create or modify a backup plan</description>
            <url>Vantage/qmb1659046927155.md</url>
         </children>
         <children json:force-array="true">
            <id>tyu1695326821997</id>
            <title>Start a backup job manually</title>
            <description>Start a backup job aside from any scheduled jobs</description>
            <url>Vantage/tyu1695326821997.md</url>
         </children>
         <children json:force-array="true">
            <id>fwh1695165071175</id>
            <title>Protect a restore point</title>
            <description>Protect a saved backup job</description>
            <url>Vantage/fwh1695165071175.md</url>
         </children>
         <children json:force-array="true">
            <id>kqr1640280954140</id>
            <title>Restore data (AWS and Azure only)</title>
            <description>Restore data from a restore point.</description>
            <url>Vantage/kqr1640280954140.md</url>
         </children>
         <children json:force-array="true">
            <id>sus1659047241965</id>
            <title>View backup plan history</title>
            <description>View past and current backup and restore jobs</description>
            <url>Vantage/sus1659047241965.md</url>
         </children>
         <children json:force-array="true">
            <id>nni1694461234790</id>
            <title>Disaster recovery (AWS only)</title>
            <description>Safeguard your data in case of outages.</description>
            <url>Vantage/nni1694461234790.md</url>
            <children json:force-array="true">
               <id>uux1694461279489</id>
               <title>Create a disaster recovery plan</title>
               <description>Create a full environment recovery plan.</description>
               <url>Vantage/uux1694461279489.md</url>
            </children>
            <children json:force-array="true">
               <id>cqv1694469814376</id>
               <title>Manage a disaster recovery plan</title>
               <description>Edit, test, and recover data in a recovery plan.</description>
               <url>Vantage/cqv1694469814376.md</url>
            </children>
         </children>
         <children json:force-array="true">
            <id>iom1694462056775</id>
            <title>Data protection FAQs</title>
            <description>Answers to common questions.</description>
            <url>Vantage/iom1694462056775.md</url>
         </children>
      </children>
      <children xmlns:json="http://json.org/" json:force-array="true">
         <id>edx1695158840322</id>
         <title>Editor</title>
         <description>Write (or build) and run SQL queries.</description>
         <url>Vantage/edx1695158840322.md</url>
      </children>
   </items>
   <items>
      <id>vmt1693932844043</id>
      <title>Compute resources</title>
      <description>Understand the compute resource types.</description>
      <url>Vantage/vmt1693932844043.md</url>
   </items>
   <items>
      <id>onj1682104977691</id>
      <title>Consumption</title>
      <description>View consumed compute and storage resources.</description>
      <url>Vantage/onj1682104977691.md</url>
      <children xmlns:json="http://json.org/" json:force-array="true">
         <id>tdv1682522711429</id>
         <title>Compute consumption</title>
         <description>Monitor compute consumption.</description>
         <url>Vantage/tdv1682522711429.md</url>
         <children json:force-array="true">
            <id>qly1682524108665</id>
            <title>How compute resources are consumed</title>
            <url>Vantage/qly1682524108665.md</url>
         </children>
         <children json:force-array="true">
            <id>qze1682528646873</id>
            <title>Review compute consumption</title>
            <url>Vantage/qze1682528646873.md</url>
         </children>
         <children json:force-array="true">
            <id>qty1682530889318</id>
            <title>Manage compute consumption</title>
            <description>Enter primary cluster and compute group consumption.</description>
            <url>Vantage/qty1682530889318.md</url>
         </children>
         <children json:force-array="true">
            <id>nzf1682539696119</id>
            <title>Compute consumption FAQ</title>
            <description>Find answers to common questions.</description>
            <url>Vantage/nzf1682539696119.md</url>
         </children>
      </children>
      <children xmlns:json="http://json.org/" json:force-array="true">
         <id>nsc1682522782958</id>
         <title>Storage consumption</title>
         <description>Monitor storage consumption.</description>
         <url>Vantage/nsc1682522782958.md</url>
         <children json:force-array="true">
            <id>pdf1682543766178</id>
            <title>How storage is consumed</title>
            <description>Where to find block and object storage.</description>
            <url>Vantage/pdf1682543766178.md</url>
         </children>
         <children json:force-array="true">
            <id>vky1682545736669</id>
            <title>Review storage consumption</title>
            <url>Vantage/vky1682545736669.md</url>
         </children>
         <children json:force-array="true">
            <id>aku1682545782916</id>
            <title>Storage consumption FAQ</title>
            <description>Find answers to common questions.</description>
            <url>Vantage/aku1682545782916.md</url>
         </children>
      </children>
      <children xmlns:json="http://json.org/" json:force-array="true">
         <id>jzv1705537218861</id>
         <title>Set consumption alerts</title>
         <description>Set the threshold to receive email alerts.</description>
         <url>Vantage/jzv1705537218861.md</url>
      </children>
   </items>
   <items>
      <id>vsb1703029847518</id>
      <title>Cost calculator</title>
      <description>View the organization's total estimated consumption.</description>
      <url>Vantage/vsb1703029847518.md</url>
   </items>
   <items>
      <id>jlf1663616946889</id>
      <title>Data sharing</title>
      <description>Share tables and views with other users.</description>
      <url>Vantage/jlf1663616946889.md</url>
      <children xmlns:json="http://json.org/" json:force-array="true">
         <id>hdx1681040827922</id>
         <title>Manage data share users</title>
         <description>User roles and privileges.</description>
         <url>Vantage/hdx1681040827922.md</url>
      </children>
      <children xmlns:json="http://json.org/" json:force-array="true">
         <id>vlk1663617148666</id>
         <title>Create a data share</title>
         <description>Share datasets with subscribers</description>
         <url>Vantage/vlk1663617148666.md</url>
      </children>
      <children xmlns:json="http://json.org/" json:force-array="true">
         <id>gds1686247574408</id>
         <title>Work with datasets</title>
         <description>Tasks as a share provider or subscriber</description>
         <url>Vantage/gds1686247574408.md</url>
         <children json:force-array="true">
            <id>rfg1681040443995</id>
            <title>Manage datasets</title>
            <description>Assign privileges to datasets</description>
            <url>Vantage/rfg1681040443995.md</url>
         </children>
         <children json:force-array="true">
            <id>hfx1686247226223</id>
            <title>View and use datasets</title>
            <description>Citizen roles for datasets</description>
            <url>Vantage/hfx1686247226223.md</url>
         </children>
      </children>
      <children xmlns:json="http://json.org/" json:force-array="true">
         <id>vph1681040670091</id>
         <title>Manage subscribers</title>
         <description>Add a user or role as a subscriber</description>
         <url>Vantage/vph1681040670091.md</url>
      </children>
      <children xmlns:json="http://json.org/" json:force-array="true">
         <id>vuh1681040768372</id>
         <title>Delete a share</title>
         <description>What happens when you delete a share</description>
         <url>Vantage/vuh1681040768372.md</url>
      </children>
      <children xmlns:json="http://json.org/" json:force-array="true">
         <id>laf1686249149487</id>
         <title>Data sharing FAQ</title>
         <description>See answers to common questions.</description>
         <url>Vantage/laf1686249149487.md</url>
      </children>
   </items>
   <items>
      <id>lxi1695933833104</id>
      <title>Load data</title>
      <description>Load or access data.</description>
      <url>Vantage/lxi1695933833104.md</url>
   </items>
   <items>
      <id>xbg1640280430669</id>
      <title>Editor</title>
      <description>Write (or build) and run SQL queries.</description>
      <url>Vantage/xbg1640280430669.md</url>
      <children xmlns:json="http://json.org/" json:force-array="true">
         <id>mor1695159014369</id>
         <title>Load data</title>
         <description>Load or access data</description>
         <url>Vantage/mor1695159014369.md</url>
      </children>
      <children xmlns:json="http://json.org/" json:force-array="true">
         <id>juo1640281123239</id>
         <title>Browse database objects</title>
         <description>Connect to and browse an environment</description>
         <url>Vantage/juo1640281123239.md</url>
      </children>
      <children xmlns:json="http://json.org/" json:force-array="true">
         <id>dgd1640281158386</id>
         <title>Query your data</title>
         <description>Run queries in Editor</description>
         <url>Vantage/dgd1640281158386.md</url>
         <children json:force-array="true">
            <id>qow1711727575738</id>
            <title>Create reports</title>
            <description>Create reports for query results.</description>
            <url>Vantage/qow1711727575738.md</url>
         </children>
         <children json:force-array="true">
            <id>vkk1692059193535</id>
            <title>Build a query</title>
            <description>Build a query using generated SQL</description>
            <url>Vantage/vkk1692059193535.md</url>
         </children>
         <children json:force-array="true">
            <id>iql1691540875799</id>
            <title>Explore in-database analytics functions</title>
            <description>Find functions and build queries</description>
            <url>Vantage/iql1691540875799.md</url>
            <children json:force-array="true">
               <id>ujf1695157605241</id>
               <title>nPath visualization</title>
               <url>Vantage/ujf1695157605241.md</url>
            </children>
         </children>
      </children>
      <children xmlns:json="http://json.org/" json:force-array="true">
         <id>xxs1694723933787</id>
         <title>SQL and database reference</title>
         <description>SQL commands, functions, and database functionality</description>
         <url>Vantage/xxs1694723933787.md</url>
      </children>
   </items>
   <items>
      <id>ajr1640280560519</id>
      <title>Queries</title>
      <description>View and optimize queries.</description>
      <url>Vantage/ajr1640280560519.md</url>
      <children xmlns:json="http://json.org/" json:force-array="true">
         <id>poc1712163264099</id>
         <title>Monitor queries</title>
         <description>Discover how to monitor VantageCloud Lake queries.</description>
         <url>Vantage/poc1712163264099.md</url>
      </children>
      <children xmlns:json="http://json.org/" json:force-array="true">
         <id>zvd1688067459510</id>
         <title>Query details</title>
         <description>Understand the information displayed for each query.</description>
         <url>Vantage/zvd1688067459510.md</url>
      </children>
   </items>
   <items>
      <id>bgr1694118840100</id>
      <title>Data copy</title>
      <description>Provision, configure, and run Data copy jobs.</description>
      <url>Vantage/bgr1694118840100.md</url>
      <children xmlns:json="http://json.org/" json:force-array="true">
         <id>bcw1700511770060</id>
         <title>Set up Data copy</title>
         <description>Add an environment, copy manager, and agent.</description>
         <url>Vantage/bcw1700511770060.md</url>
      </children>
      <children xmlns:json="http://json.org/" json:force-array="true">
         <id>zuh1706652286181</id>
         <title>Manage data copy</title>
         <description>Edit the copy manager or copy agent</description>
         <url>Vantage/zuh1706652286181.md</url>
         <children json:force-array="true">
            <id>jbt1706483040706</id>
            <title>Manage copy manager</title>
            <description>Actions to maintain the copy manager</description>
            <url>Vantage/jbt1706483040706.md</url>
         </children>
         <children json:force-array="true">
            <id>ani1706483842546</id>
            <title>Manage copy agent</title>
            <description>Actions to maintain the copy agent</description>
            <url>Vantage/ani1706483842546.md</url>
         </children>
      </children>
      <children xmlns:json="http://json.org/" json:force-array="true">
         <id>otq1703818370684</id>
         <title>Use data copy</title>
         <description>Create and manage a copy plan</description>
         <url>Vantage/otq1703818370684.md</url>
         <children json:force-array="true">
            <id>pwa1703818612067</id>
            <title>Create a copy plan</title>
            <description>Plan names, settings, and objects to select</description>
            <url>Vantage/pwa1703818612067.md</url>
         </children>
         <children json:force-array="true">
            <id>wtv1703818703501</id>
            <title>Manage a copy plan</title>
            <description>Run, pause, and edit a copy plan.</description>
            <url>Vantage/wtv1703818703501.md</url>
         </children>
      </children>
      <children xmlns:json="http://json.org/" json:force-array="true">
         <id>rhq1703818406583</id>
         <title>Data copy FAQ</title>
         <description>Find answers to common questions.</description>
         <url>Vantage/rhq1703818406583.md</url>
      </children>
   </items>
   <items>
      <id>qpv1707514841101</id>
      <title>User defined functions</title>
      <description>Connect to a third-party application for security.</description>
      <url>Vantage/qpv1707514841101.md</url>
      <children xmlns:json="http://json.org/" json:force-array="true">
         <id>aql1707516911931</id>
         <title>Protegrity</title>
         <description>Enable Protegrity on VantageCloud Lake.</description>
         <url>Vantage/aql1707516911931.md</url>
      </children>
      <children xmlns:json="http://json.org/" json:force-array="true">
         <id>ose1712360610524</id>
         <title>SAS</title>
         <description>Enable SAS on VantageCloud Lake.</description>
         <url>Vantage/ose1712360610524.md</url>
      </children>
   </items>
   <items>
      <id>klo1694115175906</id>
      <title>Account settings</title>
      <description>Adjust your account settings such as appearance.</description>
      <url>Vantage/klo1694115175906.md</url>
      <children xmlns:json="http://json.org/" json:force-array="true">
         <id>ohx1694115234984</id>
         <title>General settings</title>
         <url>Vantage/ohx1694115234984.md</url>
      </children>
      <children xmlns:json="http://json.org/" json:force-array="true">
         <id>syi1695940519543</id>
         <title>Manage access tokens</title>
         <description>Create and configure personal access tokens (PATs).</description>
         <url>Vantage/syi1695940519543.md</url>
      </children>
   </items>
   <items>
      <id>pmg1709157026832</id>
      <title>More tools</title>
      <description>Set up and run Jupyter notebook demos.</description>
      <url>Vantage/pmg1709157026832.md</url>
   </items>
   <items>
      <id>bkm1640280721917</id>
      <title>Use cases</title>
      <description>Run use cases to explore VantageCloud Lake capabilities.</description>
      <icon>book</icon>
      <url>Vantage/bkm1640280721917.md</url>
      <childrenUrl>VantageCloudLakeUseCases/use-cases-en.json</childrenUrl>
   </items>
</root>
