﻿{  "items":[
    { 
       "id":"bab1682536172420", 
       "title":"Novedades", 
       "description":"Descubrir las funciones y actualizaciones más recientes.", 
       "icon":"new_releases", 
       "url":"Vantage/es/bab1682536172420.md"
       }
    , 
    { 
       "id":"tta1687442978234", 
       "title":"Comenzar", 
       "description":"Primero complete estas tareas.", 
       "icon":"person", 
       "url":"Vantage/es/tta1687442978234.md"
       }
    , 
    { 
       "id":"apw1640280478763", 
       "title":"Organización", 
       "description":"Gestionar la organización VantageCloud Lake.", 
       "url":"Vantage/es/apw1640280478763.md", 
       "children":[
          { 
             "id":"hrv1640281410572", 
             "title":"Gestionar administradores de organización", 
             "description":"Consideraciones para la gestión de administradores de organización", 
             "url":"Vantage/es/hrv1640281410572.md"
             }
          , 
          { 
             "id":"mxq1680183881642", 
             "title":"Configurar el inicio de sesión único", 
             "description":"Configurar dominios y proveedores de identidad", 
             "url":"Vantage/es/mxq1680183881642.md", 
             "children":[
                { 
                   "id":"whf1680184025148", 
                   "title":"Agregar un proveedor de identidad", 
                   "url":"Vantage/es/whf1680184025148.md", 
                   "children":[
                      { 
                         "id":"lfb1680194800865", 
                         "title":"OpenID Connect", 
                         "url":"Vantage/es/lfb1680194800865.md"
                         }
                      , 
                      { 
                         "id":"dhs1680194823192", 
                         "title":"SAML 2.0", 
                         "url":"Vantage/es/dhs1680194823192.md"
                         }

                      ]

                   }
                , 
                { 
                   "id":"ruf1680184116601", 
                   "title":"Crear dominios", 
                   "url":"Vantage/es/ruf1680184116601.md"
                   }
                , 
                { 
                   "id":"jbj1680184191443", 
                   "title":"Asociar dominios a entornos", 
                   "url":"Vantage/es/jbj1680184191443.md"
                   }
                , 
                { 
                   "id":"qma1680184498880", 
                   "title":"P+F sobre el inicio de sesión único", 
                   "url":"Vantage/es/qma1680184498880.md"
                   }

                ]

             }
          , 
          { 
             "id":"mwx1694115292045", 
             "title":"Gestionar tokens de acceso", 
             "description":"Ver los tokens de acceso actuales en su organización", 
             "url":"Vantage/es/mwx1694115292045.md"
             }

          ]

       }
    , 
    { 
       "id":"sbt1640280496980", 
       "title":"Entornos", 
       "description":"Cargar datos, ejecutar consultas, etc.", 
       "url":"Vantage/es/sbt1640280496980.md", 
       "children":[
          { 
             "id":"qiv1640281527006", 
             "title":"Crear un entorno", 
             "description":"Crear un entorno para la organización.", 
             "url":"Vantage/es/qiv1640281527006.md"
             }
          , 
          { 
             "id":"laq1640280582810", 
             "title":"Configurar los ajustes del entorno", 
             "description":"Cómo se conectan los usuarios con el entorno", 
             "url":"Vantage/es/laq1640280582810.md", 
             "children":[
                { 
                   "id":"hyl1696627580794", 
                   "title":"Crear un endpoint privado en Azure Portal", 
                   "description":"Completar la configuración del enlace privado", 
                   "url":"Vantage/es/hyl1696627580794.md"
                   }

                ]

             }
          , 
          { 
             "id":"nmr1658424425362", 
             "title":"Recursos de cálculo", 
             "description":"Gestionar recursos de cálculo", 
             "url":"Vantage/es/nmr1658424425362.md", 
             "children":[
                { 
                   "id":"isb1696461636881", 
                   "title":"Clúster principal", 
                   "description":"Descripción del clúster principal", 
                   "url":"Vantage/es/isb1696461636881.md"
                   }
                , 
                { 
                   "id":"mqu1640280532737", 
                   "title":"Grupos de cálculo", 
                   "description":"Asignar recursos de cálculo", 
                   "url":"Vantage/es/mqu1640280532737.md", 
                   "children":[
                      { 
                         "id":"xrr1658772541186", 
                         "title":"Crear un grupo de cálculo", 
                         "description":"Explorar tipos de grupo de cálculo.", 
                         "url":"Vantage/es/xrr1658772541186.md"
                         }
                      , 
                      { 
                         "id":"dvl1640281718303", 
                         "title":"Gestionar un grupo de cálculo", 
                         "description":"Cree o edite un perfil de cálculo.", 
                         "url":"Vantage/es/dvl1640281718303.md"
                         }
                      , 
                      { 
                         "id":"wdz1640281743091", 
                         "title":"Acceso a grupos de cálculo", 
                         "url":"Vantage/es/wdz1640281743091.md"
                         }
                      , 
                      { 
                         "id":"zai1697030381122", 
                         "title":"Información del grupo de cálculo", 
                         "url":"Vantage/es/zai1697030381122.md"
                         }

                      ]

                   }
                , 
                { 
                   "id":"aow1703107228725", 
                   "title":"Estimador de consumo", 
                   "description":"Estimar el consumo de los clústeres principal y de cálculo", 
                   "url":"Vantage/es/aow1703107228725.md"
                   }

                ]

             }
          , 
          { 
             "id":"fcv1681758902467", 
             "title":"Gestión de acceso", 
             "description":"Gestionar el acceso a un entorno", 
             "url":"Vantage/es/fcv1681758902467.md", 
             "children":[
                { 
                   "id":"asz1695761738873", 
                   "title":"Dar acceso a los usuarios de inicio de sesión único", 
                   "description":"Asociar el entorno con un dominio", 
                   "url":"Vantage/es/asz1695761738873.md"
                   }
                , 
                { 
                   "id":"wxe1659392685092", 
                   "title":"Gestionar usuarios de base de datos", 
                   "description":"Consideraciones para la gestión de usuarios de un entorno", 
                   "url":"Vantage/es/wxe1659392685092.md"
                   }

                ]

             }
          , 
          { 
             "id":"jwm1694121113608", 
             "title":"Cargar datos", 
             "description":"Cargar datos o acceder a ellos.", 
             "url":"Vantage/es/jwm1694121113608.md", 
             "children":[
                { 
                   "id":"auw1640280669500", 
                   "title":"Flujos", 
                   "description":"Cargar datos de un almacenamiento de objetos.", 
                   "url":"Vantage/es/auw1640280669500.md", 
                   "children":[
                      { 
                         "id":"wsa1640282405363", 
                         "title":"Quién hace qué", 
                         "url":"Vantage/es/wsa1640282405363.md"
                         }
                      , 
                      { 
                         "id":"luq1640282345986", 
                         "title":"Crear un flujo", 
                         "url":"Vantage/es/luq1640282345986.md", 
                         "children":[
                            { 
                               "id":"ury1691596218182", 
                               "title":"Cargar consideraciones de opción", 
                               "description":"Opciones al ejecutar un flujo", 
                               "url":"Vantage/es/ury1691596218182.md"
                               }
                            , 
                            { 
                               "id":"vwc1691596425578", 
                               "title":"Autorización de origen y destino", 
                               "description":"Configurar la autorización para instancias de Flow", 
                               "url":"Vantage/es/vwc1691596425578.md"
                               }
                            , 
                            { 
                               "id":"npn1691594431074", 
                               "title":"Orígenes y destinos", 
                               "description":"Establecer las tablas de origen y destino de Flow", 
                               "url":"Vantage/es/npn1691594431074.md"
                               }
                            , 
                            { 
                               "id":"wer1691592221683", 
                               "title":"Proporcionar acceso a depósitos de Amazon S3", 
                               "url":"Vantage/es/wer1691592221683.md"
                               }

                            ]

                         }
                      , 
                      { 
                         "id":"fqx1691599182279", 
                         "title":"Ejecutar, poner en pausa o restablecer un flujo", 
                         "url":"Vantage/es/fqx1691599182279.md"
                         }
                      , 
                      { 
                         "id":"dod1691610081069", 
                         "title":"Actualizar un flujo", 
                         "url":"Vantage/es/dod1691610081069.md"
                         }
                      , 
                      { 
                         "id":"dxg1691603081375", 
                         "title":"P+F sobre los flujos", 
                         "description":"Respuestas a preguntas comunes sobre flujos.", 
                         "url":"Vantage/es/dxg1691603081375.md"
                         }

                      ]

                   }
                , 
                { 
                   "id":"vyx1659391025497", 
                   "title":"QueryGrid", 
                   "description":"Transferir datos entre una o más fuentes de datos", 
                   "url":"Vantage/es/vyx1659391025497.md", 
                   "children":[
                      { 
                         "id":"cdg1689098187313", 
                         "title":"Conectividad y componentes", 
                         "description":"Conectores y opciones de conectividad de QueryGrid.", 
                         "url":"Vantage/es/cdg1689098187313.md"
                         }
                      , 
                      { 
                         "id":"wrw1640282047881", 
                         "title":"Implementación", 
                         "description":"Preparar QueryGrid para agregar una fuente de datos", 
                         "url":"Vantage/es/wrw1640282047881.md", 
                         "children":[
                            { 
                               "id":"znp1640282079399", 
                               "title":"Conectar una fuente de datos", 
                               "description":"Agregar una fuente de datos a QueryGrid", 
                               "url":"Vantage/es/znp1640282079399.md", 
                               "children":[
                                  { 
                                     "id":"bbw1687364943833", 
                                     "title":"Configurar autorización", 
                                     "url":"Vantage/es/bbw1687364943833.md"
                                     }
                                  , 
                                  { 
                                     "id":"yml1671157089031", 
                                     "title":"Solicitar un endpoint de interfaz", 
                                     "description":"Crear una solicitud de enlace privado para QueryGrid.", 
                                     "url":"Vantage/es/yml1671157089031.md"
                                     }
                                  , 
                                  { 
                                     "id":"esw1713987246219", 
                                     "title":"Configuración de JWT SSO", 
                                     "description":"Propiedades del conector JWT SSO", 
                                     "url":"Vantage/es/esw1713987246219.md"
                                     }

                                  ]

                               }
                            , 
                            { 
                               "id":"wgr1674777759031", 
                               "title":"Actualizar un QueryGrid Manager que no es de Lake", 
                               "description":"Hacer que un QueryGrid Manager que no es de Lake sea compatible con Lake", 
                               "url":"Vantage/es/wgr1674777759031.md"
                               }

                            ]

                         }
                      , 
                      { 
                         "id":"lzm1640282103875", 
                         "title":"Gestión", 
                         "url":"Vantage/es/lzm1640282103875.md", 
                         "children":[
                            { 
                               "id":"goh1640282193934", 
                               "title":"Información general de estructura", 
                               "url":"Vantage/es/goh1640282193934.md"
                               }
                            , 
                            { 
                               "id":"vhb1640282164870", 
                               "title":"Fuentes de datos", 
                               "description":"Gestionar fuentes de datos conectadas a QueryGrid", 
                               "url":"Vantage/es/vhb1640282164870.md", 
                               "children":[
                                  { 
                                     "id":"yfd1674158023864", 
                                     "title":"Editar una fuente de datos", 
                                     "description":"Editar fuentes de datos conectadas o asignar como proxy", 
                                     "url":"Vantage/es/yfd1674158023864.md"
                                     }
                                  , 
                                  { 
                                     "id":"zof1674159380680", 
                                     "title":"Conectores", 
                                     "url":"Vantage/es/zof1674159380680.md"
                                     }
                                  , 
                                  { 
                                     "id":"kzu1674159463068", 
                                     "title":"Enlaces", 
                                     "url":"Vantage/es/kzu1674159463068.md"
                                     }
                                  , 
                                  { 
                                     "id":"pvy1674785931688", 
                                     "title":"Puentes", 
                                     "url":"Vantage/es/pvy1674785931688.md"
                                     }

                                  ]

                               }
                            , 
                            { 
                               "id":"zxp1640282246701", 
                               "title":"Configuración de componentes", 
                               "url":"Vantage/es/zxp1640282246701.md", 
                               "children":[
                                  { 
                                     "id":"wne1674087932617", 
                                     "title":"Puentes", 
                                     "url":"Vantage/es/wne1674087932617.md"
                                     }
                                  , 
                                  { 
                                     "id":"iwx1674087965329", 
                                     "title":"Redes", 
                                     "url":"Vantage/es/iwx1674087965329.md"
                                     }
                                  , 
                                  { 
                                     "id":"zap1674087994421", 
                                     "title":"Políticas de comunicación", 
                                     "url":"Vantage/es/zap1674087994421.md"
                                     }
                                  , 
                                  { 
                                     "id":"hmn1674088306575", 
                                     "title":"Asignaciones de usuarios y roles", 
                                     "url":"Vantage/es/hmn1674088306575.md"
                                     }
                                  , 
                                  { 
                                     "id":"eyz1674088497701", 
                                     "title":"PrivateLink", 
                                     "url":"Vantage/es/eyz1674088497701.md"
                                     }
                                  , 
                                  { 
                                     "id":"hfi1674786742869", 
                                     "title":"Controladores JDBC", 
                                     "url":"Vantage/es/hfi1674786742869.md"
                                     }

                                  ]

                               }
                            , 
                            { 
                               "id":"ama1689287374954", 
                               "title":"Problemas", 
                               "description":"Consideraciones para revisar problemas de QueryGrid", 
                               "url":"Vantage/es/ama1689287374954.md"
                               }
                            , 
                            { 
                               "id":"oiw1640282294248", 
                               "title":"Operaciones", 
                               "url":"Vantage/es/oiw1640282294248.md"
                               }

                            ]

                         }

                      ]

                   }

                ]

             }
          , 
          { 
             "id":"jrq1640280690304", 
             "title":"Protección de datos", 
             "description":"Proteger los datos con opciones de copia de seguridad y restauración", 
             "url":"Vantage/es/jrq1640280690304.md", 
             "children":[
                { 
                   "id":"qmb1659046927155", 
                   "title":"Crear un plan de copia de seguridad", 
                   "description":"Crear o modificar un plan de copia de seguridad", 
                   "url":"Vantage/es/qmb1659046927155.md"
                   }
                , 
                { 
                   "id":"tyu1695326821997", 
                   "title":"Iniciar un trabajo de copia de seguridad manualmente", 
                   "description":"Iniciar un trabajo de copia de seguridad además de cualquier trabajo programado", 
                   "url":"Vantage/es/tyu1695326821997.md"
                   }
                , 
                { 
                   "id":"fwh1695165071175", 
                   "title":"Proteger un punto de restauración", 
                   "description":"Proteger un trabajo de copia de seguridad guardado", 
                   "url":"Vantage/es/fwh1695165071175.md"
                   }
                , 
                { 
                   "id":"kqr1640280954140", 
                   "title":"Restaurar datos (solo AWS y Azure)", 
                   "description":"Restaurar datos desde un punto de restauración.", 
                   "url":"Vantage/es/kqr1640280954140.md"
                   }
                , 
                { 
                   "id":"sus1659047241965", 
                   "title":"Ver el historial de un plan de copia de seguridad", 
                   "description":"Ver trabajos de copia de seguridad y restauración pasados y actuales", 
                   "url":"Vantage/es/sus1659047241965.md"
                   }
                , 
                { 
                   "id":"nni1694461234790", 
                   "title":"Recuperación ante desastres (solo AWS)", 
                   "description":"Proteger los datos en caso de caída de tensión.", 
                   "url":"Vantage/es/nni1694461234790.md", 
                   "children":[
                      { 
                         "id":"uux1694461279489", 
                         "title":"Crear un plan de recuperación ante desastres", 
                         "description":"Crear un plan completo de recuperación del entorno.", 
                         "url":"Vantage/es/uux1694461279489.md"
                         }
                      , 
                      { 
                         "id":"cqv1694469814376", 
                         "title":"Gestionar un plan de recuperación ante desastres", 
                         "description":"Editar, probar y recuperar datos en un plan de recuperación.", 
                         "url":"Vantage/es/cqv1694469814376.md"
                         }

                      ]

                   }
                , 
                { 
                   "id":"iom1694462056775", 
                   "title":"P+F de protección de datos", 
                   "description":"Respuestas a preguntas comunes.", 
                   "url":"Vantage/es/iom1694462056775.md"
                   }

                ]

             }
          , 
          { 
             "id":"edx1695158840322", 
             "title":"Editor", 
             "description":"Escribir (o crear) y ejecutar consultas SQL", 
             "url":"Vantage/es/edx1695158840322.md"
             }

          ]

       }
    , 
    { 
       "id":"vmt1693932844043", 
       "title":"Recursos de cálculo", 
       "description":"Comprender los tipos de recursos de cálculo.", 
       "url":"Vantage/es/vmt1693932844043.md"
       }
    , 
    { 
       "id":"onj1682104977691", 
       "title":"Consumo", 
       "description":"Ver recursos de cálculo y almacenamiento consumidos.", 
       "url":"Vantage/es/onj1682104977691.md", 
       "children":[
          { 
             "id":"tdv1682522711429", 
             "title":"Consumo de cálculo", 
             "description":"Supervisar consumo de cálculo", 
             "url":"Vantage/es/tdv1682522711429.md", 
             "children":[
                { 
                   "id":"qly1682524108665", 
                   "title":"Cómo se consumen los recursos de cálculo", 
                   "url":"Vantage/es/qly1682524108665.md"
                   }
                , 
                { 
                   "id":"qze1682528646873", 
                   "title":"Revisar consumo de cálculo", 
                   "url":"Vantage/es/qze1682528646873.md"
                   }
                , 
                { 
                   "id":"qty1682530889318", 
                   "title":"Gestionar consumo de cálculo", 
                   "description":"Introduzca el consumo del grupo de cálculo y el clúster principal.", 
                   "url":"Vantage/es/qty1682530889318.md"
                   }
                , 
                { 
                   "id":"nzf1682539696119", 
                   "title":"P+F sobre el consumo de cálculo", 
                   "url":"Vantage/es/nzf1682539696119.md"
                   }

                ]

             }
          , 
          { 
             "id":"nsc1682522782958", 
             "title":"Consumo de almacenamiento", 
             "description":"Supervisar consumo de almacenamiento", 
             "url":"Vantage/es/nsc1682522782958.md", 
             "children":[
                { 
                   "id":"pdf1682543766178", 
                   "title":"Cómo se consume el almacenamiento", 
                   "description":"Dónde encontrar almacenamiento de bloques y objetos.", 
                   "url":"Vantage/es/pdf1682543766178.md"
                   }
                , 
                { 
                   "id":"vky1682545736669", 
                   "title":"Revisar consumo de almacenamiento", 
                   "url":"Vantage/es/vky1682545736669.md"
                   }
                , 
                { 
                   "id":"aku1682545782916", 
                   "title":"P+F sobre el consumo de almacenamiento", 
                   "url":"Vantage/es/aku1682545782916.md"
                   }

                ]

             }
          , 
          { 
             "id":"jzv1705537218861", 
             "title":"Establecer alertas de consumo", 
             "description":"Establecer el umbral para recibir alertas por correo electrónico", 
             "url":"Vantage/es/jzv1705537218861.md"
             }

          ]

       }
    , 
    { 
       "id":"vsb1703029847518", 
       "title":"Calculadora de costes", 
       "description":"Ver el consumo total estimado de la organización.", 
       "url":"Vantage/es/vsb1703029847518.md"
       }
    , 
    { 
       "id":"jlf1663616946889", 
       "title":"Uso compartido de datos", 
       "description":"Compartir tablas y vistas con otros usuarios.", 
       "url":"Vantage/es/jlf1663616946889.md", 
       "children":[
          { 
             "id":"hdx1681040827922", 
             "title":"Gestionar usuarios de recurso compartido de datos", 
             "description":"Privilegios y roles de usuario", 
             "url":"Vantage/es/hdx1681040827922.md"
             }
          , 
          { 
             "id":"vlk1663617148666", 
             "title":"Crear un recurso compartido de datos", 
             "description":"Compartir conjuntos de datos con suscriptores", 
             "url":"Vantage/es/vlk1663617148666.md"
             }
          , 
          { 
             "id":"gds1686247574408", 
             "title":"Trabajar con conjuntos de datos", 
             "description":"Tareas como proveedor de recursos compartidos o suscriptor", 
             "url":"Vantage/es/gds1686247574408.md", 
             "children":[
                { 
                   "id":"rfg1681040443995", 
                   "title":"Gestionar conjuntos de datos", 
                   "description":"Asignar privilegios a conjuntos de datos", 
                   "url":"Vantage/es/rfg1681040443995.md"
                   }
                , 
                { 
                   "id":"hfx1686247226223", 
                   "title":"Ver y usar conjuntos de datos", 
                   "description":"Roles de ciudadano para conjuntos de datos", 
                   "url":"Vantage/es/hfx1686247226223.md"
                   }

                ]

             }
          , 
          { 
             "id":"vph1681040670091", 
             "title":"Gestionar suscriptores", 
             "description":"Agregar un usuario o rol como suscriptor", 
             "url":"Vantage/es/vph1681040670091.md"
             }
          , 
          { 
             "id":"vuh1681040768372", 
             "title":"Eliminar un recurso compartido", 
             "description":"Qué pasa cuando se elimina un recurso compartido", 
             "url":"Vantage/es/vuh1681040768372.md"
             }
          , 
          { 
             "id":"laf1686249149487", 
             "title":"P+F sobre el uso compartido de datos", 
             "description":"Ver respuestas a preguntas comunes", 
             "url":"Vantage/es/laf1686249149487.md"
             }

          ]

       }
    , 
    { 
       "id":"lxi1695933833104", 
       "title":"Cargar datos", 
       "description":"Cargar datos o acceder a ellos.", 
       "url":"Vantage/es/lxi1695933833104.md"
       }
    , 
    { 
       "id":"xbg1640280430669", 
       "title":"Editor", 
       "description":"Escribir (o crear) y ejecutar consultas SQL.", 
       "url":"Vantage/es/xbg1640280430669.md", 
       "children":[
          { 
             "id":"mor1695159014369", 
             "title":"Cargar datos", 
             "description":"Cargar datos o acceder a ellos", 
             "url":"Vantage/es/mor1695159014369.md"
             }
          , 
          { 
             "id":"juo1640281123239", 
             "title":"Examinar objetos de base de datos", 
             "description":"Conectarse a un entorno y examinarlo", 
             "url":"Vantage/es/juo1640281123239.md"
             }
          , 
          { 
             "id":"dgd1640281158386", 
             "title":"Consultar los datos", 
             "description":"Ejecutar consultas en el Editor", 
             "url":"Vantage/es/dgd1640281158386.md", 
             "children":[
                { 
                   "id":"qow1711727575738", 
                   "title":"Crear informes", 
                   "description":"Crear informes para los resultados de las consultas", 
                   "url":"Vantage/es/qow1711727575738.md"
                   }
                , 
                { 
                   "id":"vkk1692059193535", 
                   "title":"Crear una consulta", 
                   "description":"Crear una consulta utilizando SQL generado", 
                   "url":"Vantage/es/vkk1692059193535.md"
                   }
                , 
                { 
                   "id":"iql1691540875799", 
                   "title":"Explorar funciones analíticas en la base de datos", 
                   "description":"Buscar funciones y crear consultas", 
                   "url":"Vantage/es/iql1691540875799.md", 
                   "children":[
                      { 
                         "id":"ujf1695157605241", 
                         "title":"Visualización de nPath", 
                         "url":"Vantage/es/ujf1695157605241.md"
                         }

                      ]

                   }

                ]

             }
          , 
          { 
             "id":"xxs1694723933787", 
             "title":"Referencia de SQL y bases de datos", 
             "description":"Comandos SQL, funciones y funcionalidad de base de datos", 
             "url":"Vantage/es/xxs1694723933787.md"
             }
          , 
          { 
             "id":"bkm1640280721917", 
             "title":"Casos de uso", 
             "description":"Ejecutar casos de uso para explorar las capacidades de VantageCloud Lake", 
             "icon":"book", 
             "url":"Vantage/es/bkm1640280721917.md", 
             "childrenUrl":"VantageCloudLakeUseCases/use-cases-en.json"
             }

          ]

       }
    , 
    { 
       "id":"ajr1640280560519", 
       "title":"Consultas", 
       "description":"Ver y optimizar consultas.", 
       "url":"Vantage/es/ajr1640280560519.md", 
       "children":[
          { 
             "id":"poc1712163264099", 
             "title":"Supervisar las consultas", 
             "description":"Descubrir cómo supervisar consultas de VantageCloud Lake.", 
             "url":"Vantage/es/poc1712163264099.md"
             }
          , 
          { 
             "id":"zvd1688067459510", 
             "title":"Detalles de consulta", 
             "description":"Comprender la información que se muestra para cada consulta.", 
             "url":"Vantage/es/zvd1688067459510.md"
             }

          ]

       }
    , 
    { 
       "id":"bgr1694118840100", 
       "title":"Copia de datos", 
       "description":"Aprovisionar, configurar y ejecutar trabajos de Copia de datos.", 
       "url":"Vantage/es/bgr1694118840100.md", 
       "children":[
          { 
             "id":"bcw1700511770060", 
             "title":"Configurar Copia de datos", 
             "description":"Agregar un entorno, un gestor de copias y un agente.", 
             "url":"Vantage/es/bcw1700511770060.md"
             }
          , 
          { 
             "id":"zuh1706652286181", 
             "title":"Gestionar una copia de datos", 
             "description":"Editar el gestor de copias o el agente de copia", 
             "url":"Vantage/es/zuh1706652286181.md", 
             "children":[
                { 
                   "id":"jbt1706483040706", 
                   "title":"Gestionar el gestor de copias", 
                   "description":"Acciones para mantener el gestor de copias", 
                   "url":"Vantage/es/jbt1706483040706.md"
                   }
                , 
                { 
                   "id":"ani1706483842546", 
                   "title":"Gestionar el agente de copia", 
                   "description":"Acciones para mantener el agente de copia", 
                   "url":"Vantage/es/ani1706483842546.md"
                   }

                ]

             }
          , 
          { 
             "id":"otq1703818370684", 
             "title":"Usar una copia de datos", 
             "description":"Crear y gestionar un plan de copia", 
             "url":"Vantage/es/otq1703818370684.md", 
             "children":[
                { 
                   "id":"pwa1703818612067", 
                   "title":"Crear un plan de copia", 
                   "description":"Nombres de plan, configuraciones y objetos para seleccionar", 
                   "url":"Vantage/es/pwa1703818612067.md"
                   }
                , 
                { 
                   "id":"wtv1703818703501", 
                   "title":"Gestionar un plan de copia", 
                   "description":"Ejecutar, poner en pausa y editar un plan de copia", 
                   "url":"Vantage/es/wtv1703818703501.md"
                   }

                ]

             }
          , 
          { 
             "id":"rhq1703818406583", 
             "title":"P+F de Copia de datos", 
             "description":"Dudas que pueda tener.", 
             "url":"Vantage/es/rhq1703818406583.md"
             }

          ]

       }
    , 
    { 
       "id":"qpv1707514841101", 
       "title":"Funciones definidas por el usuario", 
       "description":"Conectarse a una aplicación de terceros por seguridad.", 
       "url":"Vantage/es/qpv1707514841101.md", 
       "children":[
          { 
             "id":"aql1707516911931", 
             "title":"Protegrity", 
             "description":"Habilitar Protegrity en VantageCloud Lake", 
             "url":"Vantage/es/aql1707516911931.md"
             }
          , 
          { 
             "id":"ose1712360610524", 
             "title":"SAS", 
             "description":"Habilitar SAS en VantageCloud Lake", 
             "url":"Vantage/es/ose1712360610524.md"
             }

          ]

       }
    , 
    { 
       "id":"klo1694115175906", 
       "title":"Configuración de la cuenta", 
       "description":"Ajustar valores de configuración de la cuenta, como la apariencia.", 
       "url":"Vantage/es/klo1694115175906.md", 
       "children":[
          { 
             "id":"ohx1694115234984", 
             "title":"Configuración general", 
             "url":"Vantage/es/ohx1694115234984.md"
             }
          , 
          { 
             "id":"syi1695940519543", 
             "title":"Gestionar tokens de acceso", 
             "description":"Crear y configurar tokens de acceso personal (PAT)", 
             "url":"Vantage/es/syi1695940519543.md"
             }

          ]

       }
    , 
    { 
       "id":"pmg1709157026832", 
       "title":"Más herramientas", 
       "description":"Configurar y ejecutar demostraciones de cuadernos de Jupyter.", 
       "url":"Vantage/es/pmg1709157026832.md"
       }
    , 
    { 
       "id":"bkm1640280721917", 
       "title":"Casos de uso", 
       "description":"Ejecutar casos de uso para explorar las capacidades de VantageCloud Lake", 
       "icon":"book", 
       "url":"Vantage/es/bkm1640280721917.md", 
       "childrenUrl":"VantageCloudLakeUseCases/use-cases-en.json"
       }
    , 
    { 
       "id":"nhn1706907203900", 
       "title":"Documentación", 
       "description":"Documentación completa de VantageCloud Lake.", 
       "icon":"library_books", 
       "url":"Vantage/es/nhn1706907203900.md"
       }
    , 
    { 
       "id":"pkj1706907262368", 
       "title":"Soporte técnico", 
       "description":"Crear y gestionar solicitudes de servicio.", 
       "icon":"asistencia", 
       "url":"Vantage/es/pkj1706907262368.md"
       }

    ]

 }
