{  "items":[
    { 
       "id":"tta1687442978234", 
       "title":"Get started", 
       "description":"Complete these tasks first.", 
       "icon":"rocket_launch", 
       "url":"Vantage/tta1687442978234.md", 
       "children":[
          { 
             "id":"apv1721232251932", 
             "title":"Welcome to VantageCloud Lake", 
             "description":"Discover what's in the Console.", 
             "url":"Vantage/apv1721232251932.md", 
             "children":[
                { 
                   "id":"auh1721168357818", 
                   "title":"Menu", 
                   "url":"Vantage/auh1721168357818.md"
                   }
                , 
                { 
                   "id":"njy1721168384549", 
                   "title":"Toolbar", 
                   "url":"Vantage/njy1721168384549.md"
                   }
                , 
                { 
                   "id":"xex1721168413281", 
                   "title":"Learn resources", 
                   "url":"Vantage/xex1721168413281.md"
                   }

                ]

             }
          , 
          { 
             "id":"cjc1721842333639", 
             "title":"VantageCloud Lake Trial information", 
             "description":"Get the most from your trial experience.", 
             "url":"Vantage/cjc1721842333639.md"
             }
          , 
          { 
             "id":"uee1640282265780", 
             "title":"Organization admins", 
             "description":"Begin your VantageCloud Lake experience.", 
             "url":"Vantage/uee1640282265780.md", 
             "children":[
                { 
                   "id":"wvr1709157903898", 
                   "title":"Create your environment", 
                   "description":"Create your first primary cluster and database.", 
                   "icon":"counter_1", 
                   "url":"Vantage/wvr1709157903898.md", 
                   "children":[
                      { 
                         "id":"leq1721069053027", 
                         "title":"Primary cluster", 
                         "url":"Vantage/leq1721069053027.md"
                         }
                      , 
                      { 
                         "id":"czl1721069081260", 
                         "title":"Database credentials", 
                         "url":"Vantage/czl1721069081260.md"
                         }
                      , 
                      { 
                         "id":"keu1721069101205", 
                         "title":"Advanced options", 
                         "url":"Vantage/keu1721069101205.md"
                         }

                      ]

                   }
                , 
                { 
                   "id":"cqk1721231159841", 
                   "title":"Enable access", 
                   "description":"Allow connections to your environment.", 
                   "icon":"counter_2", 
                   "url":"Vantage/cqk1721231159841.md", 
                   "children":[
                      { 
                         "id":"jlq1721090154719", 
                         "title":"Internet connection", 
                         "url":"Vantage/jlq1721090154719.md"
                         }
                      , 
                      { 
                         "id":"suh1721090175745", 
                         "title":"Private link", 
                         "url":"Vantage/suh1721090175745.md"
                         }

                      ]

                   }
                , 
                { 
                   "id":"ahj1695153106508", 
                   "title":"Run your first query", 
                   "description":"Use the Editor to run your first Vantage query.", 
                   "icon":"counter_3", 
                   "url":"Vantage/ahj1695153106508.md", 
                   "children":[
                      { 
                         "id":"boe1721092788909", 
                         "title":"Write the query", 
                         "icon":"counter_1", 
                         "url":"Vantage/boe1721092788909.md"
                         }
                      , 
                      { 
                         "id":"ydj1721092986132", 
                         "title":"Visualize the results", 
                         "icon":"counter_2", 
                         "url":"Vantage/ydj1721092986132.md"
                         }

                      ]

                   }
                , 
                { 
                   "id":"myu1722373703045", 
                   "title":"Additional tasks", 
                   "description":"What to do next", 
                   "url":"Vantage/myu1722373703045.md"
                   }

                ]

             }
          , 
          { 
             "id":"rvv1721237055370", 
             "title":"Database users", 
             "description":"Begin your VantageCloud Lake experience.", 
             "url":"Vantage/rvv1721237055370.md"
             }

          ]

       }
    , 
    { 
       "id":"apw1640280478763", 
       "title":"Organization", 
       "description":"Manage your VantageCloud Lake organization.", 
       "url":"Vantage/apw1640280478763.md", 
       "children":[
          { 
             "id":"hrv1640281410572", 
             "title":"Manage organization admins", 
             "description":"Considerations for managing organization admins.", 
             "url":"Vantage/hrv1640281410572.md"
             }
          , 
          { 
             "id":"mxq1680183881642", 
             "title":"Set up single sign-on", 
             "description":"Configure identity providers and realms", 
             "url":"Vantage/mxq1680183881642.md", 
             "children":[
                { 
                   "id":"whf1680184025148", 
                   "title":"Add an identity provider", 
                   "icon":"counter_1", 
                   "url":"Vantage/whf1680184025148.md", 
                   "children":[
                      { 
                         "id":"lfb1680194800865", 
                         "title":"OpenID Connect", 
                         "url":"Vantage/lfb1680194800865.md"
                         }
                      , 
                      { 
                         "id":"dhs1680194823192", 
                         "title":"SAML 2.0", 
                         "url":"Vantage/dhs1680194823192.md"
                         }

                      ]

                   }
                , 
                { 
                   "id":"ruf1680184116601", 
                   "title":"Create realms", 
                   "icon":"counter_2", 
                   "url":"Vantage/ruf1680184116601.md"
                   }
                , 
                { 
                   "id":"jbj1680184191443", 
                   "title":"Associate realms with environments", 
                   "icon":"counter_3", 
                   "url":"Vantage/jbj1680184191443.md"
                   }
                , 
                { 
                   "id":"qma1680184498880", 
                   "title":"Single sign-on FAQ", 
                   "description":"Find answers to common SSO questions.", 
                   "url":"Vantage/qma1680184498880.md"
                   }

                ]

             }
          , 
          { 
             "id":"mwx1694115292045", 
             "title":"Manage access tokens", 
             "description":"View current access tokens in your organization.", 
             "url":"Vantage/mwx1694115292045.md"
             }

          ]

       }
    , 
    { 
       "id":"sbt1640280496980", 
       "title":"Environments", 
       "description":"Load data, run queries, and more.", 
       "url":"Vantage/sbt1640280496980.md", 
       "children":[
          { 
             "id":"qiv1640281527006", 
             "title":"Create an environment", 
             "description":"Create an environment for your organization.", 
             "url":"Vantage/qiv1640281527006.md"
             }
          , 
          { 
             "id":"laq1640280582810", 
             "title":"Configure environment settings", 
             "description":"How users connect to the environment.", 
             "url":"Vantage/laq1640280582810.md", 
             "children":[
                { 
                   "id":"jsw1721184303432", 
                   "title":"Create a private endpoint in the AWS Portal", 
                   "description":"Complete the AWS PrivateLink configuration.", 
                   "url":"Vantage/jsw1721184303432.md"
                   }
                , 
                { 
                   "id":"hyl1696627580794", 
                   "title":"Create a private endpoint in the Azure Portal", 
                   "description":"Complete the Private Link configuration.", 
                   "url":"Vantage/hyl1696627580794.md"
                   }

                ]

             }
          , 
          { 
             "id":"nmr1658424425362", 
             "title":"Compute resources", 
             "description":"Manage compute resources", 
             "url":"Vantage/nmr1658424425362.md", 
             "children":[
                { 
                   "id":"isb1696461636881", 
                   "title":"Primary cluster", 
                   "description":"Understand the primary cluster", 
                   "url":"Vantage/isb1696461636881.md"
                   }
                , 
                { 
                   "id":"mqu1640280532737", 
                   "title":"Compute groups", 
                   "description":"Assign compute resources.", 
                   "url":"Vantage/mqu1640280532737.md", 
                   "children":[
                      { 
                         "id":"xrr1658772541186", 
                         "title":"Create a compute group", 
                         "description":"Explore compute group types.", 
                         "url":"Vantage/xrr1658772541186.md"
                         }
                      , 
                      { 
                         "id":"dvl1640281718303", 
                         "title":"Create a compute profile", 
                         "description":"Manage compute groups with a profile.", 
                         "url":"Vantage/dvl1640281718303.md"
                         }
                      , 
                      { 
                         "id":"wdz1640281743091", 
                         "title":"Compute group access", 
                         "url":"Vantage/wdz1640281743091.md"
                         }

                      ]

                   }
                , 
                { 
                   "id":"aow1703107228725", 
                   "title":"Consumption estimator", 
                   "description":"Estimate consumption for primary and compute clusters.", 
                   "url":"Vantage/aow1703107228725.md"
                   }

                ]

             }
          , 
          { 
             "id":"fcv1681758902467", 
             "title":"Manage access", 
             "description":"Access management for an environment.", 
             "url":"Vantage/fcv1681758902467.md", 
             "children":[
                { 
                   "id":"asz1695761738873", 
                   "title":"Give single sign-on users access", 
                   "description":"Associate the environment with a realm", 
                   "url":"Vantage/asz1695761738873.md"
                   }
                , 
                { 
                   "id":"wxe1659392685092", 
                   "title":"Manage database users", 
                   "description":"Considerations for managing users of an environment.", 
                   "url":"Vantage/wxe1659392685092.md"
                   }
                , 
                { 
                   "id":"chs1723830476456", 
                   "title":"Manage database administrators", 
                   "url":"Vantage/chs1723830476456.md", 
                   "children":[
                      { 
                         "id":"rhw1723830545389", 
                         "title":"Create a database administrator", 
                         "url":"Vantage/rhw1723830545389.md"
                         }
                      , 
                      { 
                         "id":"xnm1723830877831", 
                         "title":"Notify the database administrator", 
                         "url":"Vantage/xnm1723830877831.md"
                         }

                      ]

                   }

                ]

             }
          , 
          { 
             "id":"jwm1694121113608", 
             "title":"Load data", 
             "description":"Load or access data.", 
             "url":"Vantage/jwm1694121113608.md", 
             "children":[
                { 
                   "id":"auw1640280669500", 
                   "title":"Flows", 
                   "description":"Load data from object storage.", 
                   "url":"Vantage/auw1640280669500.md", 
                   "children":[
                      { 
                         "id":"wsa1640282405363", 
                         "title":"Who does what", 
                         "url":"Vantage/wsa1640282405363.md"
                         }
                      , 
                      { 
                         "id":"luq1640282345986", 
                         "title":"Create a flow", 
                         "url":"Vantage/luq1640282345986.md", 
                         "children":[
                            { 
                               "id":"ury1691596218182", 
                               "title":"Load option considerations", 
                               "description":"Options running a Flow", 
                               "url":"Vantage/ury1691596218182.md"
                               }
                            , 
                            { 
                               "id":"vwc1691596425578", 
                               "title":"Source and target authorization", 
                               "description":"Set up authorization for Flows.", 
                               "url":"Vantage/vwc1691596425578.md"
                               }
                            , 
                            { 
                               "id":"npn1691594431074", 
                               "title":"Sources and targets", 
                               "description":"Establish Flow source and target tables.", 
                               "url":"Vantage/npn1691594431074.md"
                               }
                            , 
                            { 
                               "id":"wer1691592221683", 
                               "title":"Provide access to Amazon S3 buckets", 
                               "url":"Vantage/wer1691592221683.md"
                               }

                            ]

                         }
                      , 
                      { 
                         "id":"fqx1691599182279", 
                         "title":"Run, pause, or reset a flow", 
                         "url":"Vantage/fqx1691599182279.md"
                         }
                      , 
                      { 
                         "id":"dod1691610081069", 
                         "title":"Update a flow", 
                         "url":"Vantage/dod1691610081069.md"
                         }
                      , 
                      { 
                         "id":"dxg1691603081375", 
                         "title":"Flows FAQ", 
                         "description":"Answers to common Flows questions.", 
                         "url":"Vantage/dxg1691603081375.md"
                         }

                      ]

                   }
                , 
                { 
                   "id":"vyx1659391025497", 
                   "title":"QueryGrid", 
                   "description":"Transfer data between one or more data sources.", 
                   "url":"Vantage/vyx1659391025497.md", 
                   "children":[
                      { 
                         "id":"cdg1689098187313", 
                         "title":"Connectivity and components", 
                         "description":"QueryGrid connectors and connectivity options.", 
                         "url":"Vantage/cdg1689098187313.md"
                         }
                      , 
                      { 
                         "id":"wrw1640282047881", 
                         "title":"Deployment", 
                         "description":"Prepare QueryGrid to add a data source", 
                         "url":"Vantage/wrw1640282047881.md", 
                         "children":[
                            { 
                               "id":"znp1640282079399", 
                               "title":"Connect a data source", 
                               "description":"Add a data source to QueryGrid.", 
                               "url":"Vantage/znp1640282079399.md", 
                               "children":[
                                  { 
                                     "id":"bbw1687364943833", 
                                     "title":"Set up authorization", 
                                     "url":"Vantage/bbw1687364943833.md"
                                     }
                                  , 
                                  { 
                                     "id":"yml1671157089031", 
                                     "title":"Request an interface endpoint", 
                                     "description":"Create a private link request for QueryGrid.", 
                                     "url":"Vantage/yml1671157089031.md"
                                     }
                                  , 
                                  { 
                                     "id":"esw1713987246219", 
                                     "title":"Configure JWT SSO", 
                                     "description":"JWT SSO connector properties.", 
                                     "url":"Vantage/esw1713987246219.md"
                                     }
                                  , 
                                  { 
                                     "id":"cgh1722901880213", 
                                     "title":"Connect VantageCloud Lake as a data source", 
                                     "description":"Connect VantageCloud Lake to another VantageCloud Lake.", 
                                     "url":"Vantage/cgh1722901880213.md"
                                     }

                                  ]

                               }
                            , 
                            { 
                               "id":"wgr1674777759031", 
                               "title":"Upgrade a non-Lake QueryGrid Manager", 
                               "description":"Make a non-Lake QueryGrid Manager compatible with Lake", 
                               "url":"Vantage/wgr1674777759031.md"
                               }

                            ]

                         }
                      , 
                      { 
                         "id":"lzm1640282103875", 
                         "title":"Management", 
                         "url":"Vantage/lzm1640282103875.md", 
                         "children":[
                            { 
                               "id":"goh1640282193934", 
                               "title":"Fabric overview", 
                               "description":"Fabric connection visualized.", 
                               "url":"Vantage/goh1640282193934.md"
                               }
                            , 
                            { 
                               "id":"vhb1640282164870", 
                               "title":"Data sources", 
                               "description":"Manage data sources connected to QueryGrid.", 
                               "url":"Vantage/vhb1640282164870.md", 
                               "children":[
                                  { 
                                     "id":"yfd1674158023864", 
                                     "title":"Edit a data source", 
                                     "description":"Edit connected data sources or assign as a proxy.", 
                                     "url":"Vantage/yfd1674158023864.md"
                                     }
                                  , 
                                  { 
                                     "id":"zof1674159380680", 
                                     "title":"Connectors", 
                                     "url":"Vantage/zof1674159380680.md"
                                     }
                                  , 
                                  { 
                                     "id":"kzu1674159463068", 
                                     "title":"Links", 
                                     "url":"Vantage/kzu1674159463068.md"
                                     }
                                  , 
                                  { 
                                     "id":"pvy1674785931688", 
                                     "title":"Bridges", 
                                     "url":"Vantage/pvy1674785931688.md"
                                     }

                                  ]

                               }
                            , 
                            { 
                               "id":"zxp1640282246701", 
                               "title":"Component settings", 
                               "description":"Configure QueryGrid components.", 
                               "url":"Vantage/zxp1640282246701.md", 
                               "children":[
                                  { 
                                     "id":"wne1674087932617", 
                                     "title":"Bridges", 
                                     "url":"Vantage/wne1674087932617.md"
                                     }
                                  , 
                                  { 
                                     "id":"iwx1674087965329", 
                                     "title":"Networks", 
                                     "url":"Vantage/iwx1674087965329.md"
                                     }
                                  , 
                                  { 
                                     "id":"zap1674087994421", 
                                     "title":"Communication policies", 
                                     "url":"Vantage/zap1674087994421.md"
                                     }
                                  , 
                                  { 
                                     "id":"hmn1674088306575", 
                                     "title":"User and role mappings", 
                                     "url":"Vantage/hmn1674088306575.md"
                                     }
                                  , 
                                  { 
                                     "id":"eyz1674088497701", 
                                     "title":"PrivateLink", 
                                     "url":"Vantage/eyz1674088497701.md"
                                     }
                                  , 
                                  { 
                                     "id":"hfi1674786742869", 
                                     "title":"JDBC drivers", 
                                     "url":"Vantage/hfi1674786742869.md"
                                     }

                                  ]

                               }
                            , 
                            { 
                               "id":"ama1689287374954", 
                               "title":"Issues", 
                               "description":"Considerations for reviewing QueryGrid issues.", 
                               "url":"Vantage/ama1689287374954.md"
                               }
                            , 
                            { 
                               "id":"oiw1640282294248", 
                               "title":"Operations", 
                               "description":"Details on current and completed queries.", 
                               "url":"Vantage/oiw1640282294248.md"
                               }

                            ]

                         }

                      ]

                   }

                ]

             }
          , 
          { 
             "id":"jrq1640280690304", 
             "title":"Data protection", 
             "description":"Protect data with backup and restore options.", 
             "url":"Vantage/jrq1640280690304.md", 
             "children":[
                { 
                   "id":"qmb1659046927155", 
                   "title":"Create a backup plan", 
                   "description":"Create or modify a backup plan", 
                   "url":"Vantage/qmb1659046927155.md"
                   }
                , 
                { 
                   "id":"tyu1695326821997", 
                   "title":"Start a backup job manually", 
                   "description":"Start a backup job aside from any scheduled jobs", 
                   "url":"Vantage/tyu1695326821997.md"
                   }
                , 
                { 
                   "id":"fwh1695165071175", 
                   "title":"Protect a restore point", 
                   "description":"Protect a saved backup job", 
                   "url":"Vantage/fwh1695165071175.md"
                   }
                , 
                { 
                   "id":"kqr1640280954140", 
                   "title":"Restore data (AWS and Azure only)", 
                   "description":"Restore data from a restore point.", 
                   "url":"Vantage/kqr1640280954140.md"
                   }
                , 
                { 
                   "id":"sus1659047241965", 
                   "title":"View backup plan history", 
                   "description":"View past and current backup and restore jobs", 
                   "url":"Vantage/sus1659047241965.md"
                   }
                , 
                { 
                   "id":"nni1694461234790", 
                   "title":"Disaster recovery (AWS only)", 
                   "description":"Safeguard your data in case of outages.", 
                   "url":"Vantage/nni1694461234790.md", 
                   "children":[
                      { 
                         "id":"uux1694461279489", 
                         "title":"Create a disaster recovery plan", 
                         "description":"Create a full environment recovery plan.", 
                         "url":"Vantage/uux1694461279489.md"
                         }
                      , 
                      { 
                         "id":"cqv1694469814376", 
                         "title":"Manage a disaster recovery plan", 
                         "description":"Edit, test, and recover data in a recovery plan.", 
                         "url":"Vantage/cqv1694469814376.md"
                         }

                      ]

                   }
                , 
                { 
                   "id":"iom1694462056775", 
                   "title":"Data protection FAQs", 
                   "description":"Answers to common questions.", 
                   "url":"Vantage/iom1694462056775.md"
                   }

                ]

             }
          , 
          { 
             "id":"edx1695158840322", 
             "title":"Editor", 
             "description":"Write (or build) and run SQL queries.", 
             "url":"Vantage/edx1695158840322.md"
             }

          ]

       }
    , 
    { 
       "id":"vmt1693932844043", 
       "title":"Compute resources", 
       "description":"Understand the compute resource types.", 
       "url":"Vantage/vmt1693932844043.md"
       }
    , 
    { 
       "id":"onj1682104977691", 
       "title":"Consumption", 
       "description":"View consumed compute and storage resources.", 
       "url":"Vantage/onj1682104977691.md", 
       "children":[
          { 
             "id":"tdv1682522711429", 
             "title":"Compute consumption", 
             "description":"Monitor compute consumption.", 
             "url":"Vantage/tdv1682522711429.md", 
             "children":[
                { 
                   "id":"qly1682524108665", 
                   "title":"How compute resources are consumed", 
                   "url":"Vantage/qly1682524108665.md"
                   }
                , 
                { 
                   "id":"qze1682528646873", 
                   "title":"Review compute consumption", 
                   "url":"Vantage/qze1682528646873.md"
                   }
                , 
                { 
                   "id":"qty1682530889318", 
                   "title":"Manage compute consumption", 
                   "description":"Enter primary cluster and compute group consumption.", 
                   "url":"Vantage/qty1682530889318.md"
                   }
                , 
                { 
                   "id":"nzf1682539696119", 
                   "title":"Compute consumption FAQ", 
                   "description":"Find answers to common questions.", 
                   "url":"Vantage/nzf1682539696119.md"
                   }

                ]

             }
          , 
          { 
             "id":"nsc1682522782958", 
             "title":"Storage consumption", 
             "description":"Monitor storage consumption.", 
             "url":"Vantage/nsc1682522782958.md", 
             "children":[
                { 
                   "id":"pdf1682543766178", 
                   "title":"How storage is consumed", 
                   "description":"Where to find block and object storage.", 
                   "url":"Vantage/pdf1682543766178.md"
                   }
                , 
                { 
                   "id":"vky1682545736669", 
                   "title":"Review storage consumption", 
                   "url":"Vantage/vky1682545736669.md"
                   }
                , 
                { 
                   "id":"aku1682545782916", 
                   "title":"Storage consumption FAQ", 
                   "description":"Find answers to common questions.", 
                   "url":"Vantage/aku1682545782916.md"
                   }

                ]

             }
          , 
          { 
             "id":"jzv1705537218861", 
             "title":"Set consumption alerts", 
             "description":"Set the threshold to receive email alerts.", 
             "url":"Vantage/jzv1705537218861.md"
             }

          ]

       }
    , 
    { 
       "id":"vsb1703029847518", 
       "title":"Cost calculator", 
       "description":"View the organization's total estimated consumption.", 
       "url":"Vantage/vsb1703029847518.md"
       }
    , 
    { 
       "id":"jlf1663616946889", 
       "title":"Data sharing", 
       "description":"Share tables and views with other users.", 
       "url":"Vantage/jlf1663616946889.md", 
       "children":[
          { 
             "id":"ddq1721690838988", 
             "title":"Set up data sharing", 
             "description":"Set up data sharing service to share tables and views with other users.", 
             "url":"Vantage/ddq1721690838988.md", 
             "children":[
                { 
                   "id":"ymj1721766784498", 
                   "title":"Add a share admin", 
                   "description":"Add a user as a share admin", 
                   "url":"Vantage/ymj1721766784498.md"
                   }
                , 
                { 
                   "id":"hfs1721767315385", 
                   "title":"Add citizens and providers", 
                   "description":"Add a user or role as a share citizen and provider.", 
                   "url":"Vantage/hfs1721767315385.md"
                   }

                ]

             }
          , 
          { 
             "id":"hdx1681040827922", 
             "title":"Manage data share users", 
             "description":"User roles and privileges.", 
             "url":"Vantage/hdx1681040827922.md"
             }
          , 
          { 
             "id":"vlk1663617148666", 
             "title":"Create a data share", 
             "description":"Share datasets with subscribers", 
             "url":"Vantage/vlk1663617148666.md"
             }
          , 
          { 
             "id":"gds1686247574408", 
             "title":"Work with datasets", 
             "description":"Tasks as a share provider or subscriber", 
             "url":"Vantage/gds1686247574408.md", 
             "children":[
                { 
                   "id":"rfg1681040443995", 
                   "title":"Manage datasets", 
                   "description":"Assign privileges to datasets", 
                   "url":"Vantage/rfg1681040443995.md"
                   }
                , 
                { 
                   "id":"hfx1686247226223", 
                   "title":"View and use datasets", 
                   "description":"Citizen roles for datasets", 
                   "url":"Vantage/hfx1686247226223.md"
                   }

                ]

             }
          , 
          { 
             "id":"vph1681040670091", 
             "title":"Manage subscribers", 
             "description":"Add a user or role as a subscriber", 
             "url":"Vantage/vph1681040670091.md"
             }
          , 
          { 
             "id":"vuh1681040768372", 
             "title":"Delete a share", 
             "description":"What happens when you delete a share", 
             "url":"Vantage/vuh1681040768372.md"
             }
          , 
          { 
             "id":"laf1686249149487", 
             "title":"Data sharing FAQ", 
             "description":"See answers to common questions.", 
             "url":"Vantage/laf1686249149487.md"
             }

          ]

       }
    , 
    { 
       "id":"lxi1695933833104", 
       "title":"Load data", 
       "description":"Load or access data.", 
       "url":"Vantage/lxi1695933833104.md"
       }
    , 
    { 
       "id":"xbg1640280430669", 
       "title":"Editor", 
       "description":"Write (or build) and run SQL queries.", 
       "url":"Vantage/xbg1640280430669.md", 
       "children":[
          { 
             "id":"mor1695159014369", 
             "title":"Load data", 
             "description":"Load or access data.", 
             "url":"Vantage/mor1695159014369.md"
             }
          , 
          { 
             "id":"juo1640281123239", 
             "title":"Browse database objects", 
             "description":"Connect to and browse an environment", 
             "url":"Vantage/juo1640281123239.md"
             }
          , 
          { 
             "id":"dgd1640281158386", 
             "title":"Query your data", 
             "description":"Run queries in Editor", 
             "url":"Vantage/dgd1640281158386.md", 
             "children":[
                { 
                   "id":"qow1711727575738", 
                   "title":"Visualize data and create reports", 
                   "description":"Create reports for query results.", 
                   "url":"Vantage/qow1711727575738.md"
                   }
                , 
                { 
                   "id":"vkk1692059193535", 
                   "title":"Build a query", 
                   "description":"Build a query using generated SQL", 
                   "url":"Vantage/vkk1692059193535.md"
                   }
                , 
                { 
                   "id":"iql1691540875799", 
                   "title":"Explore in-database analytics functions", 
                   "description":"Find functions and build queries", 
                   "url":"Vantage/iql1691540875799.md", 
                   "children":[
                      { 
                         "id":"ujf1695157605241", 
                         "title":"nPath visualization", 
                         "url":"Vantage/ujf1695157605241.md"
                         }

                      ]

                   }

                ]

             }
          , 
          { 
             "id":"xxs1694723933787", 
             "title":"SQL and database reference", 
             "description":"SQL commands, functions, and database functionality", 
             "url":"Vantage/xxs1694723933787.md"
             }
          , 
          { 
             "id":"bkm1640280721917", 
             "title":"Use cases", 
             "description":"Run use cases to explore VantageCloud Lake capabilities.", 
             "icon":"book", 
             "url":"Vantage/bkm1640280721917.md", 
             "childrenUrl":"VantageCloudLakeUseCases/use-cases-en.json"
             }

          ]

       }
    , 
    { 
       "id":"ajr1640280560519", 
       "title":"Queries", 
       "description":"View and optimize queries.", 
       "url":"Vantage/ajr1640280560519.md", 
       "children":[
          { 
             "id":"poc1712163264099", 
             "title":"Monitor queries", 
             "description":"Discover how to monitor VantageCloud Lake queries.", 
             "url":"Vantage/poc1712163264099.md"
             }
          , 
          { 
             "id":"zvd1688067459510", 
             "title":"Query details", 
             "description":"Understand the information displayed for each query.", 
             "url":"Vantage/zvd1688067459510.md"
             }

          ]

       }
    , 
    { 
       "id":"bgr1694118840100", 
       "title":"Data copy", 
       "description":"Provision, configure, and run Data copy jobs.", 
       "url":"Vantage/bgr1694118840100.md", 
       "children":[
          { 
             "id":"bcw1700511770060", 
             "title":"Set up Data copy", 
             "description":"Add an environment, copy manager, and agent.", 
             "url":"Vantage/bcw1700511770060.md"
             }
          , 
          { 
             "id":"zuh1706652286181", 
             "title":"Manage data copy", 
             "description":"Edit the copy manager or copy agent", 
             "url":"Vantage/zuh1706652286181.md", 
             "children":[
                { 
                   "id":"jbt1706483040706", 
                   "title":"Manage copy manager", 
                   "description":"Actions to maintain the copy manager", 
                   "url":"Vantage/jbt1706483040706.md"
                   }
                , 
                { 
                   "id":"ani1706483842546", 
                   "title":"Manage copy agent", 
                   "description":"Actions to maintain the copy agent", 
                   "url":"Vantage/ani1706483842546.md"
                   }

                ]

             }
          , 
          { 
             "id":"otq1703818370684", 
             "title":"Use data copy", 
             "description":"Create and manage a copy plan", 
             "url":"Vantage/otq1703818370684.md", 
             "children":[
                { 
                   "id":"pwa1703818612067", 
                   "title":"Create a copy plan", 
                   "description":"Plan names, settings, and objects to select", 
                   "url":"Vantage/pwa1703818612067.md"
                   }
                , 
                { 
                   "id":"wtv1703818703501", 
                   "title":"Manage a copy plan", 
                   "description":"Run, pause, and edit a copy plan.", 
                   "url":"Vantage/wtv1703818703501.md"
                   }

                ]

             }
          , 
          { 
             "id":"rhq1703818406583", 
             "title":"Data copy FAQ", 
             "description":"Find answers to common questions.", 
             "url":"Vantage/rhq1703818406583.md"
             }

          ]

       }
    , 
    { 
       "id":"qpv1707514841101", 
       "title":"User defined functions", 
       "description":"Connect to a third-party application for security.", 
       "url":"Vantage/qpv1707514841101.md", 
       "children":[
          { 
             "id":"aql1707516911931", 
             "title":"Protegrity", 
             "description":"Enable Protegrity on VantageCloud Lake.", 
             "url":"Vantage/aql1707516911931.md"
             }
          , 
          { 
             "id":"ose1712360610524", 
             "title":"SAS", 
             "description":"Enable SAS on VantageCloud Lake.", 
             "url":"Vantage/ose1712360610524.md"
             }

          ]

       }
    , 
    { 
       "id":"klo1694115175906", 
       "title":"Account settings", 
       "description":"Adjust your account settings such as appearance.", 
       "url":"Vantage/klo1694115175906.md", 
       "children":[
          { 
             "id":"ohx1694115234984", 
             "title":"General settings", 
             "url":"Vantage/ohx1694115234984.md"
             }
          , 
          { 
             "id":"syi1695940519543", 
             "title":"Manage access tokens", 
             "description":"Create and configure personal access tokens (PATs).", 
             "url":"Vantage/syi1695940519543.md"
             }

          ]

       }
    , 
    { 
       "id":"pmg1709157026832", 
       "title":"More tools", 
       "description":"Set up and run Jupyter notebook demos.", 
       "url":"Vantage/pmg1709157026832.md"
       }
    , 
    { 
       "id":"bkm1640280721917", 
       "title":"Use cases", 
       "description":"Run use cases to explore VantageCloud Lake capabilities.", 
       "icon":"book", 
       "url":"Vantage/bkm1640280721917.md", 
       "childrenUrl":"VantageCloudLakeUseCases/use-cases-en.json"
       }

    ]

 }
