"728"	"2016-09-27"	"N"
"365"	"2017-02-05"	"N"
"1266"	"2016-07-27"	"N"
"806"	"2017-12-18"	"N"
"1054"	"2016-07-28"	"N"
"1175"	"2016-10-04"	"N"
"720"	"2017-07-10"	"N"
"509"	"2016-05-21"	"N"
"383"	"2016-11-09"	"N"
"1258"	"2017-12-21"	"N"
"738"	"2016-08-04"	"N"
"1546"	"2018-03-24"	"Y"
"20"	"2017-09-20"	"N"
"126"	"2017-01-23"	"N"
"133"	"2016-08-02"	"N"
"833"	"2017-05-15"	"N"
"580"	"2017-08-10"	"N"
"288"	"2017-04-26"	"N"
"1063"	"2017-07-16"	"N"
"804"	"2017-12-16"	"N"
"1228"	"2016-11-27"	"N"
"59"	"2018-03-03"	"N"
"873"	"2017-03-17"	"N"
"171"	"2018-02-27"	"N"
"205"	"2016-12-06"	"N"
"1073"	"2016-07-03"	"N"
"1251"	"2017-08-04"	"N"
"703"	"2016-09-05"	"N"
"501"	"2017-07-18"	"N"
"408"	"2018-03-23"	"N"
"385"	"2017-07-16"	"N"
"460"	"2016-09-05"	"N"
"928"	"2017-06-30"	"N"
"407"	"2016-09-29"	"N"
"50"	"2017-08-29"	"N"
"26"	"2018-01-13"	"N"
"718"	"2016-11-15"	"N"
"405"	"2016-09-27"	"N"
"675"	"2016-12-05"	"N"
"710"	"2016-06-09"	"N"
"1643"	"2017-02-18"	"Y"
"1583"	"2017-01-23"	"Y"
"1214"	"2016-07-12"	"N"
"689"	"2017-08-29"	"N"
"1100"	"2017-06-12"	"N"
"224"	"2017-11-10"	"N"
"822"	"2017-07-21"	"N"
"1568"	"2018-03-22"	"Y"
"232"	"2016-08-19"	"N"
"1245"	"2018-03-24"	"N"
"21"	"2018-03-03"	"N"
"1113"	"2017-04-21"	"N"
"250"	"2016-11-17"	"N"
"467"	"2018-03-02"	"N"
"144"	"2017-11-02"	"N"
"1199"	"2017-04-01"	"N"
"1097"	"2017-06-09"	"N"
"272"	"2017-12-19"	"N"
"952"	"2016-10-08"	"N"
"1351"	"2017-11-04"	"Y"
"421"	"2016-11-04"	"N"
"240"	"2018-02-21"	"N"
"63"	"2016-08-02"	"N"
"220"	"2016-08-01"	"N"
"328"	"2016-11-01"	"N"
"1196"	"2017-03-11"	"N"
"1528"	"2017-02-23"	"Y"
"1315"	"2016-07-11"	"Y"
"218"	"2016-07-22"	"N"
"279"	"2017-08-05"	"N"
"1143"	"2016-07-24"	"N"
"1013"	"2017-03-12"	"N"
"1275"	"2017-09-17"	"N"
"1487"	"2017-08-31"	"Y"
"440"	"2018-03-24"	"N"
"582"	"2017-01-01"	"N"
"992"	"2016-06-10"	"N"
"1478"	"2018-01-28"	"Y"
"308"	"2017-09-11"	"N"
"196"	"2017-01-09"	"N"
"1543"	"2018-01-15"	"Y"
"569"	"2017-04-21"	"N"
"914"	"2018-02-01"	"N"
"1454"	"2018-01-22"	"Y"
"1077"	"2017-08-08"	"N"
"647"	"2017-06-22"	"N"
"1190"	"2017-10-29"	"N"
"3"	"2018-02-16"	"N"
"604"	"2016-10-30"	"N"
"1540"	"2017-09-19"	"Y"
"42"	"2016-08-13"	"N"
"290"	"2017-04-28"	"N"
"801"	"2018-03-06"	"N"
"120"	"2017-05-01"	"N"
"366"	"2017-02-06"	"N"
"1072"	"2018-02-12"	"N"
"278"	"2017-08-04"	"N"
"323"	"2017-03-31"	"N"
"713"	"2017-06-19"	"N"
"643"	"2016-08-06"	"N"
"479"	"2016-09-14"	"N"
"160"	"2016-12-10"	"N"
"137"	"2017-08-15"	"N"
"1079"	"2016-12-25"	"N"
"983"	"2017-09-02"	"N"
"1452"	"2016-07-16"	"Y"
"46"	"2016-05-09"	"N"
"239"	"2018-02-20"	"N"
"458"	"2018-01-22"	"N"
"798"	"2018-02-02"	"N"
"1418"	"2017-07-09"	"Y"
"1575"	"2018-02-03"	"Y"
"1547"	"2018-03-25"	"Y"
"917"	"2018-03-21"	"N"
"238"	"2018-02-19"	"N"
"22"	"2018-03-28"	"N"
"1357"	"2017-11-26"	"Y"
"18"	"2017-09-18"	"N"
"900"	"2016-07-04"	"N"
"38"	"2017-11-22"	"N"
"1004"	"2016-10-25"	"N"
"696"	"2016-06-29"	"N"
"668"	"2016-05-15"	"N"
"1372"	"2017-04-07"	"Y"
"1327"	"2017-10-03"	"Y"
"300"	"2017-09-24"	"N"
"794"	"2017-04-09"	"N"
"186"	"2016-06-29"	"N"
"1119"	"2018-03-11"	"N"
"1499"	"2016-07-09"	"Y"
"465"	"2016-11-06"	"N"
"158"	"2017-10-31"	"N"
"209"	"2017-06-14"	"N"
"1453"	"2018-01-21"	"Y"
"19"	"2017-09-19"	"N"
"493"	"2017-11-24"	"N"
"1552"	"2017-12-17"	"Y"
"1110"	"2017-02-08"	"N"
"1408"	"2017-09-24"	"Y"
"119"	"2017-04-30"	"N"
"1281"	"2017-02-05"	"Y"
"1105"	"2018-01-22"	"N"
"638"	"2016-07-25"	"N"
"1538"	"2017-09-17"	"Y"
"211"	"2018-03-20"	"N"
"423"	"2017-11-07"	"N"
"821"	"2017-07-20"	"N"
"1401"	"2017-09-07"	"Y"
"1200"	"2017-04-02"	"N"
"1577"	"2018-02-05"	"Y"
"722"	"2017-07-12"	"N"
"832"	"2017-05-14"	"N"
"1636"	"2016-07-19"	"Y"
"691"	"2017-08-31"	"N"
"193"	"2017-01-06"	"N"
"1250"	"2017-08-03"	"N"
"619"	"2017-11-24"	"N"
"1459"	"2016-07-01"	"Y"
"1410"	"2017-09-26"	"Y"
"267"	"2016-06-14"	"N"
"1130"	"2017-04-08"	"N"
"750"	"2018-01-10"	"N"
"44"	"2016-05-07"	"N"
"307"	"2016-10-21"	"N"
"1053"	"2017-03-25"	"N"
"1096"	"2018-02-12"	"N"
"503"	"2017-05-03"	"N"
"1411"	"2017-09-27"	"Y"
"1088"	"2017-11-18"	"N"
"1139"	"2017-07-09"	"N"
"1397"	"2016-06-19"	"Y"
"372"	"2016-12-03"	"N"
"1451"	"2016-07-15"	"Y"
"567"	"2018-01-03"	"N"
"672"	"2017-03-02"	"N"
"1623"	"2017-08-20"	"Y"
"861"	"2017-01-19"	"N"
"541"	"2016-08-15"	"N"
"1607"	"2017-05-17"	"Y"
"986"	"2017-09-05"	"N"
"411"	"2018-03-26"	"N"
"724"	"2018-01-12"	"N"
"729"	"2016-09-28"	"N"
"1421"	"2016-12-13"	"Y"
"702"	"2016-09-04"	"N"
"1554"	"2017-12-19"	"Y"
"593"	"2018-02-07"	"N"
"608"	"2016-08-11"	"N"
"468"	"2017-04-11"	"N"
"1133"	"2016-09-15"	"N"
"443"	"2017-01-10"	"N"
"1181"	"2017-01-19"	"N"
"370"	"2016-12-01"	"N"
"93"	"2016-07-28"	"N"
"677"	"2016-12-07"	"N"
"94"	"2018-03-23"	"N"
"14"	"2016-12-10"	"N"
"598"	"2017-09-14"	"N"
"301"	"2017-09-25"	"N"
"1496"	"2016-07-06"	"Y"
"1488"	"2016-11-30"	"Y"
"831"	"2017-05-13"	"N"
"1246"	"2018-03-25"	"N"
"1233"	"2017-05-31"	"N"
"1311"	"2017-10-03"	"Y"
"442"	"2017-01-09"	"N"
"818"	"2016-09-17"	"N"
"1450"	"2016-07-14"	"Y"
"623"	"2016-05-13"	"N"
"1493"	"2017-07-02"	"Y"
"437"	"2016-08-04"	"N"
"807"	"2017-12-19"	"N"
"862"	"2017-01-20"	"N"
"13"	"2016-12-09"	"N"
"725"	"2018-01-13"	"N"
"289"	"2017-04-27"	"N"
"1142"	"2016-07-23"	"N"
"1012"	"2016-10-12"	"N"
"1062"	"2016-10-11"	"N"
"1179"	"2018-03-19"	"N"
"655"	"2017-10-30"	"N"
"131"	"2016-07-31"	"N"
"184"	"2016-06-27"	"N"
"595"	"2017-09-11"	"N"
"403"	"2017-03-13"	"N"
"244"	"2018-02-17"	"N"
"1178"	"2016-05-12"	"N"
"1162"	"2016-08-20"	"N"
"145"	"2017-08-24"	"N"
"533"	"2016-10-16"	"N"
"110"	"2017-08-11"	"N"
"1353"	"2017-11-06"	"Y"
"1653"	"2016-09-09"	"Y"
"72"	"2016-09-29"	"N"
"1277"	"2017-02-01"	"Y"
"811"	"2017-11-10"	"N"
"524"	"2016-07-03"	"N"
"1649"	"2016-09-05"	"Y"
"1480"	"2018-01-30"	"Y"
"207"	"2016-12-08"	"N"
"809"	"2017-11-08"	"N"
"995"	"2016-05-16"	"N"
"1099"	"2017-06-11"	"N"
"10"	"2017-03-21"	"N"
"387"	"2018-03-23"	"N"
"1301"	"2016-10-19"	"Y"
"1628"	"2017-01-29"	"Y"
"1148"	"2016-08-03"	"N"
"621"	"2016-05-11"	"N"
"1183"	"2018-02-22"	"N"
"410"	"2018-03-25"	"N"
"377"	"2017-04-26"	"N"
"830"	"2017-08-03"	"N"
"1101"	"2016-08-24"	"N"
"162"	"2016-12-12"	"N"
"525"	"2016-07-04"	"N"
"48"	"2017-08-27"	"N"
"127"	"2016-08-19"	"N"
"1115"	"2016-05-14"	"N"
"200"	"2017-07-22"	"N"
"258"	"2017-09-26"	"N"
"1383"	"2017-05-11"	"Y"
"23"	"2018-03-29"	"N"
"1146"	"2016-07-30"	"N"
"1446"	"2017-10-08"	"Y"
"488"	"2017-09-07"	"N"
"130"	"2016-07-30"	"N"
"1036"	"2016-08-08"	"N"
"844"	"2017-03-11"	"N"
"1398"	"2016-06-20"	"Y"
"192"	"2017-05-04"	"N"
"1368"	"2017-04-03"	"Y"
"1212"	"2016-07-10"	"N"
"83"	"2018-01-02"	"N"
"566"	"2018-01-02"	"N"
"271"	"2016-06-29"	"N"
"222"	"2017-09-04"	"N"
"1406"	"2017-07-26"	"Y"
"721"	"2017-07-11"	"N"
"1263"	"2016-07-24"	"N"
"1144"	"2016-07-25"	"N"
"368"	"2017-02-08"	"N"
"1112"	"2017-04-20"	"N"
"1355"	"2017-11-24"	"Y"
"555"	"2017-01-30"	"N"
"123"	"2016-06-10"	"N"
"1267"	"2016-11-27"	"N"
"1515"	"2017-01-09"	"Y"
"1366"	"2016-08-05"	"Y"
"605"	"2016-10-31"	"N"
"812"	"2017-11-11"	"N"
"1021"	"2016-09-29"	"N"
"1557"	"2017-09-12"	"Y"
"1270"	"2016-05-21"	"N"
"543"	"2017-01-06"	"N"
"669"	"2017-04-17"	"N"
"988"	"2017-09-28"	"N"
"1091"	"2016-07-25"	"N"
"351"	"2017-04-25"	"N"
"401"	"2017-01-02"	"N"
"1509"	"2017-03-04"	"Y"
"1429"	"2018-03-17"	"Y"
"932"	"2017-06-21"	"N"
"1567"	"2018-03-21"	"Y"
"575"	"2017-12-23"	"N"
"1164"	"2016-08-22"	"N"
"584"	"2016-08-27"	"N"
"213"	"2017-03-16"	"N"
"1403"	"2017-09-09"	"Y"
"444"	"2017-01-11"	"N"
"1006"	"2016-10-27"	"N"
"75"	"2017-03-15"	"N"
"568"	"2017-11-10"	"N"
"1122"	"2018-03-14"	"N"
"1235"	"2018-03-27"	"N"
"1056"	"2016-07-30"	"N"
"470"	"2016-07-14"	"N"
"1202"	"2017-02-06"	"N"
"1548"	"2018-03-26"	"Y"
"979"	"2016-12-01"	"N"
"309"	"2017-05-14"	"N"
"1486"	"2017-08-30"	"Y"
"1362"	"2017-12-10"	"Y"
"371"	"2016-12-02"	"N"
"987"	"2018-03-29"	"N"
"712"	"2017-01-25"	"N"
"654"	"2017-10-29"	"N"
"215"	"2017-04-04"	"N"
"1326"	"2017-10-02"	"Y"
"982"	"2016-12-04"	"N"
"341"	"2017-07-17"	"N"
"1274"	"2017-09-16"	"N"
"138"	"2017-04-27"	"N"
"1631"	"2016-05-03"	"Y"
"1194"	"2016-10-03"	"N"
"486"	"2017-11-26"	"N"
"781"	"2017-11-07"	"N"
"214"	"2017-03-17"	"N"
"1007"	"2016-11-04"	"N"
"47"	"2016-05-10"	"N"
"163"	"2016-12-13"	"N"
"631"	"2017-02-15"	"N"
"1002"	"2018-01-16"	"N"
"826"	"2016-05-13"	"N"
"472"	"2016-07-16"	"N"
"260"	"2017-09-28"	"N"
"1612"	"2016-10-20"	"Y"
"1064"	"2017-07-17"	"N"
"924"	"2018-02-13"	"N"
"585"	"2016-11-06"	"N"
"1003"	"2016-10-24"	"N"
"622"	"2016-05-12"	"N"
"1363"	"2017-12-11"	"Y"
"1456"	"2018-01-24"	"Y"
"1132"	"2016-09-14"	"N"
"1020"	"2016-09-28"	"N"
"929"	"2018-01-02"	"N"
"1551"	"2016-06-11"	"Y"
"1361"	"2017-12-09"	"Y"
"1435"	"2017-04-01"	"Y"
"1209"	"2017-12-05"	"N"
"418"	"2017-01-14"	"N"
"526"	"2016-07-05"	"N"
"886"	"2017-10-03"	"N"
"1647"	"2017-11-21"	"Y"
"933"	"2016-07-16"	"N"
"1086"	"2016-06-08"	"N"
"676"	"2016-12-06"	"N"
"1585"	"2017-01-25"	"Y"
"1109"	"2017-02-07"	"N"
"989"	"2017-09-29"	"N"
"1651"	"2016-09-07"	"Y"
"1118"	"2016-05-17"	"N"
"797"	"2018-02-01"	"N"
"1324"	"2017-09-30"	"Y"
"1138"	"2017-07-08"	"N"
"1637"	"2017-08-02"	"Y"
"537"	"2016-11-10"	"N"
"1108"	"2017-02-06"	"N"
"715"	"2017-06-21"	"N"
"1121"	"2018-03-13"	"N"
"1449"	"2017-10-11"	"Y"
"1553"	"2017-12-18"	"Y"
"698"	"2016-07-01"	"N"
"1150"	"2016-08-05"	"N"
"282"	"2017-12-19"	"N"
"970"	"2018-02-13"	"N"
"836"	"2017-03-04"	"N"
"62"	"2017-07-18"	"N"
"459"	"2018-01-23"	"N"
"581"	"2016-12-31"	"N"
"1134"	"2016-09-16"	"N"
"435"	"2018-02-28"	"N"
"81"	"2016-11-27"	"N"
"1198"	"2017-03-13"	"N"
"847"	"2016-10-17"	"N"
"1283"	"2017-05-27"	"Y"
"221"	"2017-09-03"	"N"
"367"	"2017-02-07"	"N"
"229"	"2017-08-12"	"N"
"985"	"2017-09-04"	"N"
"746"	"2017-11-18"	"N"
"324"	"2017-04-01"	"N"
"950"	"2016-10-06"	"N"
"8"	"2017-03-19"	"N"
"92"	"2016-07-27"	"N"
"991"	"2016-06-09"	"N"
"1494"	"2017-07-03"	"Y"
"665"	"2016-10-10"	"N"
"1038"	"2016-08-10"	"N"
"553"	"2016-12-13"	"N"
"1505"	"2017-03-26"	"Y"
"364"	"2016-11-13"	"N"
"1276"	"2017-09-18"	"N"
"352"	"2017-04-26"	"N"
"1300"	"2016-10-18"	"Y"
"389"	"2018-03-25"	"N"
"848"	"2016-10-18"	"N"
"161"	"2016-12-11"	"N"
"426"	"2017-04-23"	"N"
"576"	"2017-12-24"	"N"
"1284"	"2017-05-28"	"Y"
"1545"	"2018-01-17"	"Y"
"1019"	"2016-09-27"	"N"
"388"	"2018-03-24"	"N"
"1185"	"2017-04-23"	"N"
"1650"	"2016-09-06"	"Y"
"1314"	"2016-07-10"	"Y"
"343"	"2016-09-10"	"N"
"1633"	"2016-05-05"	"Y"
"1339"	"2016-07-02"	"Y"
"329"	"2016-11-02"	"N"
"719"	"2016-11-16"	"N"
"1131"	"2016-06-19"	"N"
"441"	"2018-03-25"	"N"
"1169"	"2017-08-14"	"N"
"984"	"2017-09-03"	"N"
"685"	"2017-10-17"	"N"
"478"	"2018-03-09"	"N"
"391"	"2016-12-14"	"N"
"399"	"2017-06-21"	"N"
"457"	"2018-01-21"	"N"
"1197"	"2017-03-12"	"N"
"990"	"2017-09-30"	"N"
"1382"	"2017-05-10"	"Y"
"1437"	"2017-02-18"	"Y"
"1107"	"2017-02-05"	"N"
"210"	"2018-03-19"	"N"
"1195"	"2017-03-10"	"N"
"280"	"2017-12-17"	"N"
"1632"	"2016-05-04"	"Y"
"36"	"2017-12-16"	"N"
"1081"	"2016-12-27"	"N"
"606"	"2016-11-01"	"N"
"1074"	"2016-07-04"	"N"
"630"	"2017-02-14"	"N"
"1491"	"2016-12-03"	"Y"
"1018"	"2018-03-15"	"N"
"972"	"2016-07-18"	"N"
"302"	"2017-09-26"	"N"
"283"	"2017-12-20"	"N"
"1404"	"2017-09-10"	"Y"
"1280"	"2017-02-04"	"Y"
"1582"	"2017-01-22"	"Y"
"132"	"2016-08-01"	"N"
"1282"	"2017-05-26"	"Y"
"268"	"2016-06-26"	"N"
"4"	"2017-04-29"	"N"
"1332"	"2016-12-03"	"Y"
"1176"	"2016-07-20"	"N"
"532"	"2016-10-15"	"N"
"1495"	"2017-07-04"	"Y"
"37"	"2017-12-17"	"N"
"591"	"2016-11-28"	"N"
"1254"	"2016-05-13"	"N"
"1071"	"2018-02-11"	"N"
"1530"	"2017-02-25"	"Y"
"704"	"2016-09-06"	"N"
"264"	"2017-10-13"	"N"
"228"	"2017-08-11"	"N"
"1316"	"2018-01-19"	"Y"
"165"	"2016-09-04"	"N"
"1145"	"2016-07-26"	"N"
"1015"	"2018-03-12"	"N"
"786"	"2017-05-30"	"N"
"1356"	"2017-11-25"	"Y"
"206"	"2016-12-07"	"N"
"25"	"2018-03-31"	"N"
"1589"	"2017-03-23"	"Y"
"1629"	"2016-05-01"	"Y"
"398"	"2017-06-20"	"N"
"980"	"2016-12-02"	"N"
"1252"	"2017-08-05"	"N"
"1219"	"2016-11-04"	"N"
"88"	"2017-05-12"	"N"
"174"	"2017-02-25"	"N"
"690"	"2017-08-30"	"N"
"1320"	"2017-12-21"	"Y"
"436"	"2016-08-03"	"N"
"727"	"2016-09-26"	"N"
"1484"	"2017-08-28"	"Y"
"350"	"2017-04-24"	"N"
"1215"	"2016-07-13"	"N"
"646"	"2017-06-21"	"N"
"1498"	"2016-07-08"	"Y"
"1117"	"2016-05-16"	"N"
"259"	"2017-09-27"	"N"
"396"	"2017-07-31"	"N"
"671"	"2017-03-01"	"N"
"386"	"2017-07-17"	"N"
"1542"	"2018-01-14"	"Y"
"1069"	"2018-02-09"	"N"
"1412"	"2017-09-28"	"Y"
"276"	"2017-06-17"	"N"
"125"	"2017-01-22"	"N"
"1614"	"2016-10-22"	"Y"
"552"	"2016-12-12"	"N"
"143"	"2017-11-01"	"N"
"85"	"2017-04-06"	"N"
"975"	"2016-06-15"	"N"
"82"	"2016-11-28"	"N"
"1371"	"2017-04-06"	"Y"
"135"	"2017-08-13"	"N"
"1153"	"2016-05-03"	"N"
"40"	"2017-11-24"	"N"
"648"	"2017-06-23"	"N"
"708"	"2016-06-07"	"N"
"1436"	"2017-04-02"	"Y"
"1417"	"2017-07-08"	"Y"
"1358"	"2017-11-27"	"Y"
"1504"	"2017-03-25"	"Y"
"342"	"2017-07-18"	"N"
"499"	"2017-07-16"	"N"
"941"	"2017-06-28"	"N"
"1646"	"2017-11-20"	"Y"
"1648"	"2017-11-22"	"Y"
"197"	"2017-07-19"	"N"
"817"	"2016-09-16"	"N"
"294"	"2017-06-19"	"N"
"226"	"2017-11-12"	"N"
"1322"	"2017-12-23"	"Y"
"1207"	"2017-12-03"	"N"
"1087"	"2016-06-09"	"N"
"177"	"2017-02-28"	"N"
"1151"	"2016-05-01"	"N"
"1387"	"2016-11-13"	"Y"
"384"	"2017-07-15"	"N"
"1422"	"2016-12-14"	"Y"
"191"	"2017-05-03"	"N"
"737"	"2016-08-03"	"N"
"1630"	"2016-05-02"	"Y"
"1539"	"2017-09-18"	"Y"
"592"	"2018-02-06"	"N"
"1026"	"2017-01-19"	"N"
"223"	"2016-05-11"	"N"
"390"	"2016-12-13"	"N"
"1331"	"2016-12-02"	"Y"
"1384"	"2017-05-12"	"Y"
"688"	"2017-10-20"	"N"
"416"	"2016-05-03"	"N"
"748"	"2017-11-20"	"N"
"1216"	"2016-11-01"	"N"
"293"	"2017-06-18"	"N"
"1147"	"2016-07-31"	"N"
"539"	"2016-08-13"	"N"
"124"	"2016-06-11"	"N"
"430"	"2016-08-08"	"N"
"219"	"2016-07-31"	"N"
"61"	"2017-07-17"	"N"
"1265"	"2016-07-26"	"N"
"973"	"2016-07-19"	"N"
"1606"	"2017-05-16"	"Y"
"1561"	"2017-08-13"	"Y"
"1641"	"2017-08-06"	"Y"
"609"	"2016-08-12"	"N"
"1255"	"2018-01-27"	"N"
"419"	"2016-11-02"	"N"
"762"	"2017-10-05"	"N"
"782"	"2017-11-08"	"N"
"86"	"2017-04-07"	"N"
"577"	"2017-08-07"	"N"
"1313"	"2016-07-09"	"Y"
"173"	"2018-03-01"	"N"
"1369"	"2017-04-04"	"Y"
"726"	"2018-01-14"	"N"
"583"	"2017-01-02"	"N"
"946"	"2017-08-09"	"N"
"58"	"2018-03-02"	"N"
"649"	"2017-12-22"	"N"
"1325"	"2017-10-01"	"Y"
"573"	"2017-12-21"	"N"
"1439"	"2017-02-20"	"Y"
"432"	"2016-08-10"	"N"
"945"	"2017-08-08"	"N"
"339"	"2017-04-01"	"N"
"587"	"2016-11-08"	"N"
"464"	"2016-11-05"	"N"
"433"	"2018-02-26"	"N"
"1520"	"2016-12-25"	"Y"
"795"	"2017-04-10"	"N"
"374"	"2017-04-23"	"N"
"1180"	"2017-01-18"	"N"
"535"	"2016-10-18"	"N"
"1149"	"2016-08-04"	"N"
"1573"	"2018-02-01"	"Y"
"1084"	"2016-06-06"	"N"
"845"	"2017-03-12"	"N"
"1458"	"2016-06-30"	"Y"
"445"	"2017-11-09"	"N"
"825"	"2016-05-12"	"N"
"1485"	"2017-08-29"	"Y"
"548"	"2016-09-16"	"N"
"1111"	"2017-04-19"	"N"
"1448"	"2017-10-10"	"Y"
"1008"	"2016-11-05"	"N"
"1354"	"2017-11-23"	"Y"
"195"	"2017-01-08"	"N"
"1558"	"2017-09-13"	"Y"
"5"	"2017-04-30"	"N"
"91"	"2016-07-26"	"N"
"375"	"2017-04-24"	"N"
"1232"	"2017-05-30"	"N"
"1514"	"2017-01-08"	"Y"
"1503"	"2017-03-24"	"Y"
"494"	"2017-11-25"	"N"
"780"	"2017-11-06"	"N"
"1490"	"2016-12-02"	"Y"
"134"	"2017-08-12"	"N"
"700"	"2016-10-24"	"N"
"639"	"2016-07-26"	"N"
"749"	"2017-11-21"	"N"
"287"	"2017-04-25"	"N"
"578"	"2017-08-08"	"N"
"673"	"2017-03-03"	"N"
"674"	"2017-01-31"	"N"
"338"	"2017-03-31"	"N"
"122"	"2016-06-09"	"N"
"1470"	"2017-11-28"	"Y"
"667"	"2016-05-14"	"N"
"1319"	"2018-01-22"	"Y"
"711"	"2017-01-24"	"N"
"1163"	"2016-08-21"	"N"
"1090"	"2017-11-20"	"N"
"1010"	"2016-10-10"	"N"
"1469"	"2017-11-27"	"Y"
"1221"	"2016-11-15"	"N"
"1625"	"2017-08-22"	"Y"
"1367"	"2016-08-06"	"Y"
"303"	"2016-09-21"	"N"
"996"	"2016-05-17"	"N"
"918"	"2018-03-22"	"N"
"1644"	"2017-02-19"	"Y"
"74"	"2017-08-17"	"N"
"404"	"2016-09-26"	"N"
"645"	"2017-06-20"	"N"
"1227"	"2016-11-26"	"N"
"570"	"2017-04-22"	"N"
"1039"	"2016-08-11"	"N"
"118"	"2017-04-29"	"N"
"257"	"2017-09-25"	"N"
"594"	"2018-02-08"	"N"
"1500"	"2016-07-10"	"Y"
"1609"	"2016-08-11"	"Y"
"231"	"2017-08-14"	"N"
"393"	"2016-12-16"	"N"
"185"	"2016-06-28"	"N"
"1445"	"2017-10-07"	"Y"
"953"	"2016-10-09"	"N"
"664"	"2016-10-09"	"N"
"146"	"2016-09-29"	"N"
"1312"	"2017-10-04"	"Y"
"128"	"2016-08-20"	"N"
"461"	"2016-09-06"	"N"
"620"	"2017-11-25"	"N"
"217"	"2017-04-06"	"N"
"1061"	"2016-10-10"	"N"
"705"	"2016-09-07"	"N"
"292"	"2017-06-17"	"N"
"262"	"2017-10-11"	"N"
"1405"	"2017-07-25"	"Y"
"1303"	"2016-10-21"	"Y"
"1586"	"2017-01-26"	"Y"
"531"	"2016-09-25"	"N"
"534"	"2016-10-17"	"N"
"784"	"2017-05-28"	"N"
"860"	"2017-01-18"	"N"
"382"	"2016-11-08"	"N"
"1639"	"2017-08-04"	"Y"
"692"	"2017-09-01"	"N"
"121"	"2017-05-02"	"N"
"424"	"2017-11-08"	"N"
"269"	"2016-06-27"	"N"
"1420"	"2016-12-12"	"Y"
"204"	"2016-12-05"	"N"
"885"	"2017-10-02"	"N"
"1154"	"2016-05-04"	"N"
"1323"	"2017-12-24"	"Y"
"1638"	"2017-08-03"	"Y"
"759"	"2017-03-31"	"N"
"717"	"2016-11-14"	"N"
"875"	"2017-03-19"	"N"
"1"	"2018-02-14"	"N"
"1635"	"2016-07-18"	"Y"
"1476"	"2018-01-26"	"Y"
"502"	"2016-06-27"	"N"
"557"	"2016-07-27"	"N"
"1574"	"2018-02-02"	"Y"
"249"	"2018-01-01"	"N"
"198"	"2017-07-20"	"N"
"422"	"2017-11-06"	"N"
"1587"	"2017-03-21"	"Y"
"1184"	"2018-02-23"	"N"
"487"	"2017-11-27"	"N"
"1260"	"2016-07-02"	"N"
"1556"	"2017-09-11"	"Y"
"1244"	"2018-03-23"	"N"
"1386"	"2016-11-12"	"Y"
"462"	"2017-04-14"	"N"
"796"	"2018-01-31"	"N"
"1666"	"2017-03-01"	"Y"
"1608"	"2017-05-18"	"Y"
"113"	"2017-08-14"	"N"
"39"	"2017-11-23"	"N"
"1479"	"2018-01-29"	"Y"
"1555"	"2017-12-20"	"Y"
"910"	"2016-08-12"	"N"
"1460"	"2016-07-02"	"Y"
"565"	"2018-01-01"	"N"
"97"	"2018-03-26"	"N"
"344"	"2016-09-11"	"N"
"24"	"2018-03-30"	"N"
"95"	"2018-03-24"	"N"
"315"	"2016-06-20"	"N"
"687"	"2017-10-19"	"N"
"1218"	"2016-11-03"	"N"
"1114"	"2017-04-22"	"N"
"1541"	"2018-01-13"	"Y"
"843"	"2017-03-10"	"N"
"540"	"2016-08-14"	"N"
"931"	"2017-06-20"	"N"
"1017"	"2018-03-14"	"N"
"800"	"2018-03-05"	"N"
"1529"	"2017-02-24"	"Y"
"112"	"2017-08-13"	"N"
"835"	"2017-01-17"	"N"
"394"	"2017-07-29"	"N"
"716"	"2016-11-13"	"N"
"925"	"2018-02-14"	"N"
"1341"	"2016-07-04"	"Y"
"974"	"2016-07-20"	"N"
"327"	"2016-10-31"	"N"
"951"	"2016-10-07"	"N"
"172"	"2018-02-28"	"N"
"1213"	"2016-07-11"	"N"
"500"	"2017-07-17"	"N"
"930"	"2018-01-03"	"N"
"230"	"2017-08-13"	"N"
"1201"	"2017-12-10"	"N"
"409"	"2018-03-24"	"N"
"425"	"2017-04-22"	"N"
"1457"	"2016-06-29"	"Y"
"1664"	"2017-02-27"	"Y"
"376"	"2017-04-25"	"N"
"12"	"2016-12-08"	"N"
"29"	"2018-01-16"	"N"
"417"	"2016-05-04"	"N"
"1544"	"2018-01-16"	"Y"
"1433"	"2017-03-30"	"Y"
"695"	"2016-06-28"	"N"
"305"	"2016-09-23"	"N"
"1419"	"2017-07-10"	"Y"
"927"	"2017-06-29"	"N"
"1318"	"2018-01-21"	"Y"
"545"	"2016-10-09"	"N"
"551"	"2016-12-11"	"N"
"477"	"2018-03-08"	"N"
"216"	"2017-04-05"	"N"
"684"	"2017-09-15"	"N"
"787"	"2017-05-31"	"N"
"9"	"2017-03-20"	"N"
"1352"	"2017-11-05"	"Y"
"277"	"2017-08-03"	"N"
"1588"	"2017-03-22"	"Y"
"1506"	"2017-03-01"	"Y"
"395"	"2017-07-30"	"N"
"438"	"2016-08-02"	"N"
"1217"	"2016-11-02"	"N"
"823"	"2017-07-22"	"N"
"1431"	"2018-03-19"	"Y"
"824"	"2016-05-11"	"N"
"234"	"2016-05-04"	"N"
"940"	"2017-06-27"	"N"
"632"	"2017-02-16"	"N"
"849"	"2016-10-19"	"N"
"311"	"2017-05-16"	"N"
"522"	"2016-08-13"	"N"
"1173"	"2016-10-02"	"N"
"1256"	"2018-01-28"	"N"
"150"	"2017-02-17"	"N"
"340"	"2017-07-16"	"N"
"1365"	"2016-08-04"	"Y"
"345"	"2016-09-12"	"N"
"373"	"2017-09-22"	"N"
"1423"	"2016-12-15"	"Y"
"1370"	"2017-04-05"	"Y"
"1407"	"2017-07-27"	"Y"
"469"	"2017-04-12"	"N"
"139"	"2017-04-28"	"N"
"420"	"2016-11-03"	"N"
"1165"	"2016-08-23"	"N"
"1177"	"2016-07-21"	"N"
"874"	"2017-03-18"	"N"
"898"	"2016-07-02"	"N"
"1222"	"2016-11-16"	"N"
"1268"	"2016-05-19"	"N"
"607"	"2016-11-02"	"N"
"808"	"2017-08-10"	"N"
"1507"	"2017-03-02"	"Y"
"281"	"2017-12-18"	"N"
"149"	"2017-02-16"	"N"
"227"	"2017-11-13"	"N"
"495"	"2017-11-26"	"N"
"1642"	"2017-02-17"	"Y"
"574"	"2017-12-22"	"N"
"1278"	"2017-02-02"	"Y"
"369"	"2016-11-30"	"N"
"538"	"2016-08-12"	"N"
"586"	"2016-11-07"	"N"
"767"	"2016-05-23"	"N"
"590"	"2016-11-27"	"N"
"1136"	"2016-10-19"	"N"
"1468"	"2017-11-26"	"Y"
"1569"	"2018-03-23"	"Y"
"1492"	"2016-12-04"	"Y"
"1089"	"2017-11-19"	"N"
"1381"	"2017-05-09"	"Y"
"644"	"2016-08-07"	"N"
"547"	"2016-10-11"	"N"
"810"	"2017-11-09"	"N"
"1521"	"2016-12-26"	"Y"
"1152"	"2016-05-02"	"N"
"1208"	"2017-12-04"	"N"
"1434"	"2017-03-31"	"Y"
"2"	"2018-02-15"	"N"
"1171"	"2017-08-16"	"N"
"402"	"2017-01-03"	"N"
"1471"	"2017-11-29"	"Y"
"872"	"2017-03-16"	"N"
"181"	"2016-10-05"	"N"
"1187"	"2018-01-11"	"N"
"899"	"2016-07-03"	"N"
"322"	"2017-03-30"	"N"
"1302"	"2016-10-20"	"Y"
"1430"	"2018-03-18"	"Y"
"1027"	"2017-01-20"	"N"
"1253"	"2016-05-12"	"N"
"466"	"2018-03-01"	"N"
"136"	"2017-08-14"	"N"
"1022"	"2016-09-30"	"N"
"1652"	"2016-09-08"	"Y"
"1627"	"2017-01-28"	"Y"
"233"	"2016-08-20"	"N"
"1120"	"2018-03-12"	"N"
"939"	"2017-06-26"	"N"
"1409"	"2017-09-25"	"Y"
"1531"	"2017-02-26"	"Y"
"1497"	"2016-07-07"	"Y"
"45"	"2016-05-08"	"N"
"852"	"2016-06-05"	"N"
"199"	"2017-07-21"	"N"
"104"	"2016-09-12"	"N"
"96"	"2018-03-25"	"N"
"1052"	"2017-03-24"	"N"
"1522"	"2016-12-27"	"Y"
"958"	"2017-09-06"	"N"
"1364"	"2016-08-03"	"Y"
"43"	"2016-08-14"	"N"
"1611"	"2016-08-13"	"Y"
"1193"	"2016-10-02"	"N"
"572"	"2017-04-01"	"N"
"993"	"2016-06-11"	"N"
"1640"	"2017-08-05"	"Y"
"406"	"2016-09-28"	"N"
"1455"	"2018-01-23"	"Y"
"1060"	"2016-10-09"	"N"
"1076"	"2017-08-07"	"N"
"1285"	"2017-05-29"	"Y"
"1137"	"2017-07-07"	"N"
"1093"	"2016-07-27"	"N"
"431"	"2016-08-09"	"N"
"1014"	"2017-03-13"	"N"
"427"	"2017-04-24"	"N"
"651"	"2017-12-24"	"N"
"265"	"2017-02-28"	"N"
"1170"	"2017-08-15"	"N"
"454"	"2016-08-25"	"N"
"747"	"2017-11-19"	"N"
"261"	"2017-10-10"	"N"
"880"	"2017-12-07"	"N"
"934"	"2016-07-17"	"N"
"1308"	"2017-09-30"	"Y"
"942"	"2017-06-29"	"N"
"1168"	"2017-08-13"	"N"
"1186"	"2017-04-24"	"N"
"640"	"2016-07-27"	"N"
"1011"	"2016-10-11"	"N"
"1234"	"2018-03-26"	"N"
"666"	"2016-05-13"	"N"
"1477"	"2018-01-27"	"Y"
"76"	"2017-03-16"	"N"
"599"	"2017-10-24"	"N"
"837"	"2017-03-05"	"N"
"981"	"2016-12-03"	"N"
"901"	"2016-07-05"	"N"
"492"	"2017-11-23"	"N"
"542"	"2017-01-05"	"N"
"363"	"2016-11-12"	"N"
"1502"	"2017-03-23"	"Y"
"28"	"2018-01-15"	"N"
"1360"	"2017-12-08"	"Y"
"579"	"2017-08-09"	"N"
"304"	"2016-09-22"	"N"
"1005"	"2016-10-26"	"N"
"1261"	"2016-07-03"	"N"
"515"	"2017-07-31"	"N"
"1055"	"2016-07-29"	"N"
"439"	"2018-03-23"	"N"
"60"	"2018-03-04"	"N"
"1566"	"2018-03-20"	"Y"
"49"	"2017-08-28"	"N"
"641"	"2016-07-28"	"N"
"1472"	"2017-11-30"	"Y"
"1262"	"2016-07-04"	"N"
"1610"	"2016-08-12"	"Y"
"1438"	"2017-02-19"	"Y"
"834"	"2017-01-16"	"N"
"1028"	"2017-01-21"	"N"
"1269"	"2016-05-20"	"N"
"764"	"2016-10-18"	"N"
"159"	"2016-05-18"	"N"
"35"	"2017-12-15"	"N"
"1279"	"2017-02-03"	"Y"
"1523"	"2016-12-28"	"Y"
"1172"	"2016-10-01"	"N"
"994"	"2016-05-15"	"N"
"739"	"2017-08-17"	"N"
"662"	"2016-11-12"	"N"
"1080"	"2016-12-26"	"N"
"1359"	"2017-12-07"	"Y"
"663"	"2016-11-13"	"N"
"1070"	"2018-02-10"	"N"
"699"	"2016-10-23"	"N"
"1624"	"2017-08-21"	"Y"
"434"	"2018-02-27"	"N"
"1665"	"2017-02-28"	"Y"
"1075"	"2016-07-05"	"N"
"758"	"2017-03-30"	"N"
"336"	"2018-03-12"	"N"
"1333"	"2016-12-04"	"Y"
"41"	"2016-08-12"	"N"
"686"	"2017-10-18"	"N"
"270"	"2016-06-28"	"N"
"1560"	"2017-08-12"	"Y"
"1016"	"2018-03-13"	"N"
"291"	"2017-06-16"	"N"
"1576"	"2018-02-04"	"Y"
"176"	"2017-02-27"	"N"
"129"	"2016-08-21"	"N"
"1489"	"2016-12-01"	"Y"
"1338"	"2016-07-01"	"Y"
"1317"	"2018-01-20"	"Y"
"650"	"2017-12-23"	"N"
"34"	"2017-12-14"	"N"
"148"	"2016-10-01"	"N"
"603"	"2017-01-29"	"N"
"723"	"2018-01-11"	"N"
"1094"	"2016-07-28"	"N"
"556"	"2017-01-31"	"N"
"785"	"2017-05-29"	"N"
"653"	"2017-08-11"	"N"
"397"	"2017-08-01"	"N"
"306"	"2016-09-24"	"N"
"310"	"2017-05-15"	"N"
"1182"	"2017-01-20"	"N"
"151"	"2017-02-18"	"N"
"87"	"2017-04-08"	"N"
"471"	"2016-07-15"	"N"
"763"	"2016-10-17"	"N"
"1626"	"2017-01-27"	"Y"
"1549"	"2016-06-09"	"Y"
"709"	"2016-06-08"	"N"
"400"	"2017-06-22"	"N"
"670"	"2017-04-18"	"N"
"571"	"2017-04-23"	"N"
"596"	"2017-09-12"	"N"
"1174"	"2016-10-03"	"N"
"1092"	"2016-07-26"	"N"
"1116"	"2016-05-15"	"N"
"1321"	"2017-12-22"	"Y"
"194"	"2017-01-07"	"N"
"1106"	"2018-01-23"	"N"
"147"	"2016-09-30"	"N"
"549"	"2016-09-17"	"N"
"642"	"2016-09-28"	"N"
"1516"	"2017-01-10"	"Y"
"1402"	"2017-09-08"	"Y"
"1399"	"2016-06-21"	"Y"
"1559"	"2017-08-11"	"Y"
"714"	"2017-06-20"	"N"
"838"	"2017-03-06"	"N"
"1309"	"2017-10-01"	"Y"
"1259"	"2016-07-01"	"N"
"1565"	"2018-03-19"	"Y"
"829"	"2017-08-02"	"N"
"476"	"2018-03-07"	"N"
"1310"	"2017-10-02"	"Y"
"170"	"2018-02-26"	"N"
"273"	"2017-12-20"	"N"
"971"	"2016-07-17"	"N"
"27"	"2018-01-14"	"N"
"916"	"2018-03-20"	"N"
"1257"	"2017-12-20"	"N"
"254"	"2017-12-23"	"N"
"175"	"2017-02-26"	"N"
"828"	"2017-08-01"	"N"
"544"	"2016-10-08"	"N"
"1385"	"2016-11-11"	"Y"
"827"	"2017-07-31"	"N"
"1400"	"2016-06-22"	"Y"
"915"	"2018-03-19"	"N"
"1135"	"2016-09-17"	"N"
"212"	"2018-03-21"	"N"
"337"	"2018-03-13"	"N"
"1009"	"2016-10-09"	"N"
"1613"	"2016-10-21"	"Y"
"1273"	"2017-07-11"	"N"
"546"	"2016-10-10"	"N"
"879"	"2017-12-06"	"N"
"15"	"2016-12-11"	"N"
"1508"	"2017-03-03"	"Y"
"392"	"2016-12-15"	"N"
"1098"	"2017-06-10"	"N"
"263"	"2017-10-12"	"N"
"911"	"2016-08-13"	"N"
"805"	"2017-12-17"	"N"
"536"	"2016-11-09"	"N"
"225"	"2017-11-11"	"N"
"597"	"2017-09-13"	"N"
"1085"	"2016-06-07"	"N"
"846"	"2016-10-16"	"N"
"266"	"2017-03-01"	"N"
"111"	"2017-08-12"	"N"
"463"	"2017-04-15"	"N"
"1501"	"2017-03-22"	"Y"
"1299"	"2016-10-17"	"Y"
"80"	"2016-11-26"	"N"
"1634"	"2016-07-17"	"Y"
"358"	"2018-03-14"	"N"
"1447"	"2017-10-09"	"Y"
"1037"	"2016-08-09"	"N"
"1645"	"2017-11-19"	"Y"
"11"	"2017-03-22"	"N"
"64"	"2016-08-03"	"N"
"1550"	"2016-06-10"	"Y"
"1078"	"2016-12-24"	"N"
"84"	"2018-01-03"	"N"
"614"	"2017-10-23"	"N"
"510"	"2016-05-22"	"N"
"863"	"2017-01-21"	"N"
"652"	"2017-08-10"	"N"
"164"	"2016-05-13"	"N"
"523"	"2016-07-02"	"N"
"1584"	"2017-01-24"	"Y"
"475"	"2018-03-06"	"N"
"208"	"2017-06-13"	"N"
"1264"	"2016-07-25"	"N"
"558"	"2016-07-28"	"N"
"1220"	"2016-11-14"	"N"
"1432"	"2017-03-29"	"Y"
"697"	"2016-06-30"	"N"
"1340"	"2016-07-03"	"Y"
